2025-11-30 21:09:24,300 - PID:1582733 - INFO - 🚀 GPU Competition Script Started - PID: 1582733
2025-11-30 21:09:24,300 - PID:1582733 - INFO - 📁 Log directory: /home/hdl/project/fgvr_test_new/logs/compete_gpu
2025-11-30 21:09:24,300 - PID:1582733 - INFO - 📄 Log file: /home/hdl/project/fgvr_test_new/logs/compete_gpu/compete_gpu(6).log
2025-11-30 21:09:24,300 - PID:1582733 - INFO - ⚙️  Maximize Resource Utilization: False
2025-11-30 21:09:24,300 - PID:1582733 - INFO - ⏱️  Check interval: 5 seconds
2025-11-30 21:09:24,300 - PID:1582733 - INFO - ⏰ Task wait interval: 60 seconds
2025-11-30 21:09:24,401 - PID:1582733 - INFO - Using all detected GPUs: [0, 1, 2, 3, 4, 5, 6, 7, 8, 9]
2025-11-30 21:09:24,402 - PID:1582733 - INFO - 📋 Task queues setup:
2025-11-30 21:09:24,402 - PID:1582733 - INFO -   Queue 1: 5 tasks
2025-11-30 21:09:24,402 - PID:1582733 - INFO -     Task 1: rm -rf {work_dir}/experiments/car196/knowledge_base -> bash {work_dir}/scripts/set_hyperparameters.sh --experience_number 8 -> CUDA_VISIBLE_DEVICES={available_gpu} bash {work_dir}/scripts/run_pipeline.sh car --uni_id {uni_id}
2025-11-30 21:09:24,402 - PID:1582733 - INFO -     Task 2: rm -rf {work_dir}/experiments/car196/knowledge_base -> bash {work_dir}/scripts/set_hyperparameters.sh --experience_number 5 -> CUDA_VISIBLE_DEVICES={available_gpu} bash {work_dir}/scripts/run_pipeline.sh car --uni_id {uni_id}
2025-11-30 21:09:24,402 - PID:1582733 - INFO -     Task 3: rm -rf {work_dir}/experiments/car196/knowledge_base -> bash {work_dir}/scripts/set_hyperparameters.sh --experience_number 3 -> CUDA_VISIBLE_DEVICES={available_gpu} bash {work_dir}/scripts/run_pipeline.sh car --uni_id {uni_id}
2025-11-30 21:09:24,403 - PID:1582733 - INFO -     Task 4: rm -rf {work_dir}/experiments/car196/knowledge_base -> bash {work_dir}/scripts/set_hyperparameters.sh --experience_number 20 -> CUDA_VISIBLE_DEVICES={available_gpu} bash {work_dir}/scripts/run_pipeline.sh car --uni_id {uni_id}
2025-11-30 21:09:24,403 - PID:1582733 - INFO -     Task 5: rm -rf {work_dir}/experiments/car196/knowledge_base -> bash {work_dir}/scripts/set_hyperparameters.sh --experience_number 50 -> CUDA_VISIBLE_DEVICES={available_gpu} bash {work_dir}/scripts/run_pipeline.sh car --uni_id {uni_id}
2025-11-30 21:09:24,403 - PID:1582733 - INFO -   Queue 2: 2 tasks
2025-11-30 21:09:24,403 - PID:1582733 - INFO -     Task 1: rm -rf {work_dir}/experiments/flower102/knowledge_base -> bash {work_dir}/scripts/set_hyperparameters.sh --experience_number 15 -> CUDA_VISIBLE_DEVICES={available_gpu} bash {work_dir}/scripts/run_pipeline.sh flower --uni_id {uni_id}
2025-11-30 21:09:24,403 - PID:1582733 - INFO -     Task 2: rm -rf {work_dir}/experiments/flower102/knowledge_base -> bash {work_dir}/scripts/set_hyperparameters.sh --experience_number 5 -> CUDA_VISIBLE_DEVICES={available_gpu} bash {work_dir}/scripts/run_pipeline.sh flower --uni_id {uni_id}
2025-11-30 21:09:24,403 - PID:1582733 - INFO -   Queue 3: 2 tasks
2025-11-30 21:09:24,403 - PID:1582733 - INFO -     Task 1: rm -rf {work_dir}/experiments/bird200/knowledge_base -> bash {work_dir}/scripts/set_hyperparameters.sh --experience_number 50 -> CUDA_VISIBLE_DEVICES={available_gpu} bash {work_dir}/scripts/run_pipeline.sh bird --uni_id {uni_id}
2025-11-30 21:09:24,403 - PID:1582733 - INFO -     Task 2: rm -rf {work_dir}/experiments/bird200/knowledge_base -> bash {work_dir}/scripts/set_hyperparameters.sh --experience_number 50 -> CUDA_VISIBLE_DEVICES={available_gpu} bash {work_dir}/scripts/run_pipeline.sh bird --uni_id {uni_id}
2025-11-30 21:09:24,403 - PID:1582733 - INFO -   Queue 4: 1 tasks
2025-11-30 21:09:24,403 - PID:1582733 - INFO -     Task 1: bash {work_dir}/scripts/set_hyperparameters.sh --experience_number 8 -> CUDA_VISIBLE_DEVICES={available_gpu} bash {work_dir}/scripts/run_pipeline.sh imagenet_v2 --uni_id {uni_id}
2025-11-30 21:09:24,403 - PID:1582733 - INFO -   Queue 5: 3 tasks
2025-11-30 21:09:24,403 - PID:1582733 - INFO -     Task 1: rm -rf {work_dir}/experiments/dog120/knowledge_base -> bash {work_dir}/scripts/set_hyperparameters.sh --experience_number 5 -> CUDA_VISIBLE_DEVICES={available_gpu} bash {work_dir}/scripts/run_pipeline.sh dog --uni_id {uni_id}
2025-11-30 21:09:24,403 - PID:1582733 - INFO -     Task 2: rm -rf {work_dir}/experiments/dog120/knowledge_base -> bash {work_dir}/scripts/set_hyperparameters.sh --experience_number 15 -> CUDA_VISIBLE_DEVICES={available_gpu} bash {work_dir}/scripts/run_pipeline.sh dog --uni_id {uni_id}
2025-11-30 21:09:24,403 - PID:1582733 - INFO -     Task 3: rm -rf {work_dir}/experiments/dog120/knowledge_base -> bash {work_dir}/scripts/set_hyperparameters.sh --experience_number 3 -> CUDA_VISIBLE_DEVICES={available_gpu} bash {work_dir}/scripts/run_pipeline.sh dog --uni_id {uni_id}
2025-11-30 21:09:24,403 - PID:1582733 - INFO -   Queue 6: 1 tasks
2025-11-30 21:09:24,403 - PID:1582733 - INFO -     Task 1: bash {work_dir}/scripts/set_hyperparameters.sh --experience_number 8 -> CUDA_VISIBLE_DEVICES={available_gpu} bash {work_dir}/scripts/run_pipeline.sh sun --uni_id {uni_id}
2025-11-30 21:09:24,403 - PID:1582733 - INFO - 📋 Created 6 tasks for dynamic GPU allocation
2025-11-30 21:09:24,403 - PID:1582733 - INFO - Starting GPU competition process
2025-11-30 21:09:24,403 - PID:1582733 - INFO - Available GPUs: [0, 1, 2, 3, 4, 5, 6, 7, 8, 9]
2025-11-30 21:09:24,403 - PID:1582733 - INFO - Check interval: 5 seconds
2025-11-30 21:09:24,403 - PID:1582733 - INFO - Log directory: /home/hdl/project/fgvr_test_new/logs/compete_gpu
2025-11-30 21:09:24,403 - PID:1582733 - INFO - Maximize resource utilization: False
2025-11-30 21:09:24,403 - PID:1582733 - INFO - Total tasks: 14
2025-11-30 21:09:24,404 - PID:1582733 - INFO - === Task Status ===
2025-11-30 21:09:24,404 - PID:1582733 - INFO - Total Tasks: 14, Pending=14, Running=0, Completed=0, Failed=0
2025-11-30 21:09:24,404 - PID:1582733 - INFO - === Queue Status ===
2025-11-30 21:09:24,404 - PID:1582733 - INFO - Queue 1: 🟢 IDLE, Pending=5, Running=0, Completed=0, Failed=0
2025-11-30 21:09:24,404 - PID:1582733 - INFO - Queue 2: 🟢 IDLE, Pending=2, Running=0, Completed=0, Failed=0
2025-11-30 21:09:24,404 - PID:1582733 - INFO - Queue 3: 🟢 IDLE, Pending=2, Running=0, Completed=0, Failed=0
2025-11-30 21:09:24,404 - PID:1582733 - INFO - Queue 4: 🟢 IDLE, Pending=1, Running=0, Completed=0, Failed=0
2025-11-30 21:09:24,404 - PID:1582733 - INFO - Queue 5: 🟢 IDLE, Pending=3, Running=0, Completed=0, Failed=0
2025-11-30 21:09:24,404 - PID:1582733 - INFO - Queue 6: 🟢 IDLE, Pending=1, Running=0, Completed=0, Failed=0
2025-11-30 21:09:24,404 - PID:1582733 - INFO - === GPU Status ===
2025-11-30 21:09:24,432 - PID:1582733 - INFO - GPU 0: Insufficient memory. Available: 5.72GB, Required: 20.00GB
2025-11-30 21:09:24,464 - PID:1582733 - INFO - GPU 1: Insufficient memory. Available: 4.67GB, Required: 20.00GB
2025-11-30 21:09:24,466 - PID:1582733 - INFO - GPU 0: Available=5.72GB, User Python Processes=0, Running Tasks=0
2025-11-30 21:09:24,492 - PID:1582733 - INFO - GPU 2: Insufficient memory. Available: 4.38GB, Required: 20.00GB
2025-11-30 21:09:24,520 - PID:1582733 - INFO - GPU 1: Available=4.67GB, User Python Processes=0, Running Tasks=0
2025-11-30 21:09:24,521 - PID:1582733 - INFO - GPU 3: Insufficient memory. Available: 15.71GB, Required: 20.00GB
2025-11-30 21:09:24,577 - PID:1582733 - INFO - GPU 4: Available for task compete_717339. Memory: 24.37GB
2025-11-30 21:09:24,577 - PID:1582733 - INFO - 🚀 Starting queue 1 task compete_717339 on GPU 4
2025-11-30 21:09:24,578 - PID:1582733 - INFO - Starting task on GPU 4: rm -rf {work_dir}/experiments/car196/knowledge_base -> bash {work_dir}/scripts/set_hyperparameters.sh --experience_number 8 -> CUDA_VISIBLE_DEVICES={available_gpu} bash {work_dir}/scripts/run_pipeline.sh car --uni_id {uni_id}
2025-11-30 21:09:24,578 - PID:1582733 - INFO - 📈 Started 1 tasks: ['Queue 1']
2025-11-30 21:09:24,578 - PID:1582733 - INFO - Executing command 1/3 on GPU 4: rm -rf /home/hdl/project/fgvr_test_new/experiments/car196/knowledge_base
2025-11-30 21:09:24,580 - PID:1582733 - INFO - GPU 2: Available=4.38GB, User Python Processes=0, Running Tasks=0
2025-11-30 21:09:24,582 - PID:1582733 - INFO - Command 1/3 completed successfully
2025-11-30 21:09:24,582 - PID:1582733 - INFO - Executing command 2/3 on GPU 4: bash /home/hdl/project/fgvr_test_new/scripts/set_hyperparameters.sh --experience_number 8
2025-11-30 21:09:24,592 - PID:1582733 - INFO - [compete_717339] === 超参数设置脚本 ===
2025-11-30 21:09:24,592 - PID:1582733 - INFO - [compete_717339] 项目根目录: /home/hdl/project/fgvr_test_new
2025-11-30 21:09:24,592 - PID:1582733 - INFO - [compete_717339] 超参数文件: /home/hdl/project/fgvr_test_new/configs/hyperparameters.yaml
2025-11-30 21:09:24,592 - PID:1582733 - INFO - [compete_717339] 
2025-11-30 21:09:24,592 - PID:1582733 - INFO - [compete_717339] 使用命令行指定的经验条数: 8
2025-11-30 21:09:24,592 - PID:1582733 - INFO - [compete_717339] 
2025-11-30 21:09:24,592 - PID:1582733 - INFO - [compete_717339] 正在更新超参数文件: /home/hdl/project/fgvr_test_new/configs/hyperparameters.yaml
2025-11-30 21:09:24,632 - PID:1582733 - INFO - GPU 3: Available=15.71GB, User Python Processes=1, Running Tasks=0
2025-11-30 21:09:24,632 - PID:1582733 - INFO -   User Python PIDs: [1427990]
2025-11-30 21:09:24,639 - PID:1582733 - INFO - [compete_717339] ✅ 超参数更新成功: experience_base_max_number = 8
2025-11-30 21:09:24,639 - PID:1582733 - INFO - [compete_717339] 
2025-11-30 21:09:24,639 - PID:1582733 - INFO - [compete_717339] === 超参数设置完成 ===
2025-11-30 21:09:24,639 - PID:1582733 - INFO - Command 2/3 completed successfully
2025-11-30 21:09:24,639 - PID:1582733 - INFO - Executing command 3/3 on GPU 4: CUDA_VISIBLE_DEVICES=4 bash /home/hdl/project/fgvr_test_new/scripts/run_pipeline.sh car --uni_id compete_717339
2025-11-30 21:09:24,640 - PID:1582733 - INFO - 🔄 Bash script with uni_id compete_717339 will handle its own PID registration
2025-11-30 21:09:24,680 - PID:1582733 - INFO - GPU 4: Available=24.37GB, User Python Processes=0, Running Tasks=1
2025-11-30 21:09:24,681 - PID:1582733 - INFO -   Running Task (Queue 1): rm -rf {work_dir}/experiments/car196/knowledge_base -> bash {work_dir}/scripts/set_hyperparameters.s...
2025-11-30 21:09:24,709 - PID:1582733 - INFO - [compete_717339] [0;32m[SUCCESS][0m Pipeline 已启动 (完全后台), PID=1582867
2025-11-30 21:09:24,710 - PID:1582733 - INFO - [compete_717339] [0;34m[INFO][0m 日志文件: /home/hdl/project/fgvr_test_new/logs/pipeline/car196/pipeline_car(1).log
2025-11-30 21:09:24,710 - PID:1582733 - INFO - [compete_717339] 实时查看日志: tail -f '/home/hdl/project/fgvr_test_new/logs/pipeline/car196/pipeline_car(1).log'
2025-11-30 21:09:24,710 - PID:1582733 - INFO - Command 3/3 completed successfully
2025-11-30 21:09:24,710 - PID:1582733 - INFO - Task completed on GPU 4: rm -rf {work_dir}/experiments/car196/knowledge_base -> bash {work_dir}/scripts/set_hyperparameters.sh --experience_number 8 -> CUDA_VISIBLE_DEVICES={available_gpu} bash {work_dir}/scripts/run_pipeline.sh car --uni_id {uni_id}
2025-11-30 21:09:24,734 - PID:1582733 - INFO - GPU 5: Available=4.16GB, User Python Processes=0, Running Tasks=0
2025-11-30 21:09:24,787 - PID:1582733 - INFO - GPU 6: Available=22.31GB, User Python Processes=0, Running Tasks=0
2025-11-30 21:09:24,892 - PID:1582733 - INFO - GPU 7: Available=28.10GB, User Python Processes=0, Running Tasks=0
2025-11-30 21:09:24,956 - PID:1582733 - INFO - GPU 8: Available=24.89GB, User Python Processes=0, Running Tasks=0
2025-11-30 21:09:25,006 - PID:1582733 - INFO - GPU 9: Available=13.00GB, User Python Processes=0, Running Tasks=0
2025-11-30 21:09:35,007 - PID:1582733 - INFO - === Task Status ===
2025-11-30 21:09:35,007 - PID:1582733 - INFO - Total Tasks: 14, Pending=13, Running=0, Completed=1, Failed=0
2025-11-30 21:09:35,007 - PID:1582733 - INFO - === Queue Status ===
2025-11-30 21:09:35,007 - PID:1582733 - INFO - Queue 1: 🟢 IDLE, Pending=4, Running=0, Completed=1, Failed=0
2025-11-30 21:09:35,007 - PID:1582733 - INFO - Queue 2: 🟢 IDLE, Pending=2, Running=0, Completed=0, Failed=0
2025-11-30 21:09:35,007 - PID:1582733 - INFO - Queue 3: 🟢 IDLE, Pending=2, Running=0, Completed=0, Failed=0
2025-11-30 21:09:35,007 - PID:1582733 - INFO - Queue 4: 🟢 IDLE, Pending=1, Running=0, Completed=0, Failed=0
2025-11-30 21:09:35,007 - PID:1582733 - INFO - Queue 5: 🟢 IDLE, Pending=3, Running=0, Completed=0, Failed=0
2025-11-30 21:09:35,007 - PID:1582733 - INFO - Queue 6: 🟢 IDLE, Pending=1, Running=0, Completed=0, Failed=0
2025-11-30 21:09:35,007 - PID:1582733 - INFO - === GPU Status ===
2025-11-30 21:09:35,066 - PID:1582733 - INFO - GPU 0: Available=5.72GB, User Python Processes=0, Running Tasks=0
2025-11-30 21:09:35,124 - PID:1582733 - INFO - GPU 1: Available=4.67GB, User Python Processes=0, Running Tasks=0
2025-11-30 21:09:35,181 - PID:1582733 - INFO - GPU 2: Available=4.38GB, User Python Processes=0, Running Tasks=0
2025-11-30 21:09:35,330 - PID:1582733 - INFO - GPU 3: Available=10.12GB, User Python Processes=1, Running Tasks=0
2025-11-30 21:09:35,330 - PID:1582733 - INFO -   User Python PIDs: [1427990]
2025-11-30 21:09:35,377 - PID:1582733 - INFO - GPU 4: Available=24.37GB, User Python Processes=0, Running Tasks=0
2025-11-30 21:09:35,433 - PID:1582733 - INFO - GPU 5: Available=4.16GB, User Python Processes=0, Running Tasks=0
2025-11-30 21:09:35,483 - PID:1582733 - INFO - GPU 6: Available=14.67GB, User Python Processes=1, Running Tasks=0
2025-11-30 21:09:35,483 - PID:1582733 - INFO -   User Python PIDs: [1582953]
2025-11-30 21:09:35,532 - PID:1582733 - INFO - GPU 7: Available=28.10GB, User Python Processes=0, Running Tasks=0
2025-11-30 21:09:35,584 - PID:1582733 - INFO - GPU 8: Available=24.89GB, User Python Processes=0, Running Tasks=0
2025-11-30 21:09:35,635 - PID:1582733 - INFO - GPU 9: Available=13.00GB, User Python Processes=0, Running Tasks=0
2025-11-30 21:09:45,635 - PID:1582733 - INFO - === Task Status ===
2025-11-30 21:09:45,635 - PID:1582733 - INFO - Total Tasks: 14, Pending=13, Running=0, Completed=1, Failed=0
2025-11-30 21:09:45,635 - PID:1582733 - INFO - === Queue Status ===
2025-11-30 21:09:45,636 - PID:1582733 - INFO - Queue 1: 🟢 IDLE, Pending=4, Running=0, Completed=1, Failed=0
2025-11-30 21:09:45,636 - PID:1582733 - INFO - Queue 2: 🟢 IDLE, Pending=2, Running=0, Completed=0, Failed=0
2025-11-30 21:09:45,636 - PID:1582733 - INFO - Queue 3: 🟢 IDLE, Pending=2, Running=0, Completed=0, Failed=0
2025-11-30 21:09:45,636 - PID:1582733 - INFO - Queue 4: 🟢 IDLE, Pending=1, Running=0, Completed=0, Failed=0
2025-11-30 21:09:45,636 - PID:1582733 - INFO - Queue 5: 🟢 IDLE, Pending=3, Running=0, Completed=0, Failed=0
2025-11-30 21:09:45,636 - PID:1582733 - INFO - Queue 6: 🟢 IDLE, Pending=1, Running=0, Completed=0, Failed=0
2025-11-30 21:09:45,636 - PID:1582733 - INFO - === GPU Status ===
2025-11-30 21:09:45,727 - PID:1582733 - INFO - GPU 0: Available=5.72GB, User Python Processes=0, Running Tasks=0
2025-11-30 21:09:45,781 - PID:1582733 - INFO - GPU 1: Available=4.67GB, User Python Processes=0, Running Tasks=0
2025-11-30 21:09:45,836 - PID:1582733 - INFO - GPU 2: Available=4.38GB, User Python Processes=0, Running Tasks=0
2025-11-30 21:09:45,885 - PID:1582733 - INFO - GPU 3: Available=10.12GB, User Python Processes=1, Running Tasks=0
2025-11-30 21:09:45,885 - PID:1582733 - INFO -   User Python PIDs: [1427990]
2025-11-30 21:09:45,937 - PID:1582733 - INFO - GPU 4: Available=24.37GB, User Python Processes=0, Running Tasks=0
2025-11-30 21:09:45,992 - PID:1582733 - INFO - GPU 5: Available=4.16GB, User Python Processes=0, Running Tasks=0
2025-11-30 21:09:46,043 - PID:1582733 - INFO - GPU 6: Available=5.86GB, User Python Processes=1, Running Tasks=0
2025-11-30 21:09:46,043 - PID:1582733 - INFO -   User Python PIDs: [1582953]
2025-11-30 21:09:46,092 - PID:1582733 - INFO - GPU 7: Available=28.10GB, User Python Processes=0, Running Tasks=0
2025-11-30 21:09:46,141 - PID:1582733 - INFO - GPU 8: Available=24.89GB, User Python Processes=0, Running Tasks=0
2025-11-30 21:09:46,189 - PID:1582733 - INFO - GPU 9: Available=13.00GB, User Python Processes=0, Running Tasks=0
2025-11-30 21:09:56,189 - PID:1582733 - INFO - === Task Status ===
2025-11-30 21:09:56,189 - PID:1582733 - INFO - Total Tasks: 14, Pending=13, Running=0, Completed=1, Failed=0
2025-11-30 21:09:56,189 - PID:1582733 - INFO - === Queue Status ===
2025-11-30 21:09:56,189 - PID:1582733 - INFO - Queue 1: 🟢 IDLE, Pending=4, Running=0, Completed=1, Failed=0
2025-11-30 21:09:56,189 - PID:1582733 - INFO - Queue 2: 🟢 IDLE, Pending=2, Running=0, Completed=0, Failed=0
2025-11-30 21:09:56,190 - PID:1582733 - INFO - Queue 3: 🟢 IDLE, Pending=2, Running=0, Completed=0, Failed=0
2025-11-30 21:09:56,190 - PID:1582733 - INFO - Queue 4: 🟢 IDLE, Pending=1, Running=0, Completed=0, Failed=0
2025-11-30 21:09:56,190 - PID:1582733 - INFO - Queue 5: 🟢 IDLE, Pending=3, Running=0, Completed=0, Failed=0
2025-11-30 21:09:56,190 - PID:1582733 - INFO - Queue 6: 🟢 IDLE, Pending=1, Running=0, Completed=0, Failed=0
2025-11-30 21:09:56,190 - PID:1582733 - INFO - === GPU Status ===
2025-11-30 21:09:56,242 - PID:1582733 - INFO - GPU 0: Available=5.72GB, User Python Processes=0, Running Tasks=0
2025-11-30 21:09:56,296 - PID:1582733 - INFO - GPU 1: Available=4.67GB, User Python Processes=0, Running Tasks=0
2025-11-30 21:09:56,353 - PID:1582733 - INFO - GPU 2: Available=4.38GB, User Python Processes=0, Running Tasks=0
2025-11-30 21:09:56,411 - PID:1582733 - INFO - GPU 3: Available=18.41GB, User Python Processes=1, Running Tasks=0
2025-11-30 21:09:56,412 - PID:1582733 - INFO -   User Python PIDs: [1427990]
2025-11-30 21:09:56,461 - PID:1582733 - INFO - GPU 4: Available=24.37GB, User Python Processes=0, Running Tasks=0
2025-11-30 21:09:56,516 - PID:1582733 - INFO - GPU 5: Available=4.16GB, User Python Processes=0, Running Tasks=0
2025-11-30 21:09:56,569 - PID:1582733 - INFO - GPU 6: Available=5.86GB, User Python Processes=1, Running Tasks=0
2025-11-30 21:09:56,570 - PID:1582733 - INFO -   User Python PIDs: [1582953]
2025-11-30 21:09:56,623 - PID:1582733 - INFO - GPU 7: Available=28.10GB, User Python Processes=0, Running Tasks=0
2025-11-30 21:09:56,670 - PID:1582733 - INFO - GPU 8: Available=24.89GB, User Python Processes=0, Running Tasks=0
2025-11-30 21:09:56,717 - PID:1582733 - INFO - GPU 9: Available=13.00GB, User Python Processes=0, Running Tasks=0
2025-11-30 21:10:06,717 - PID:1582733 - INFO - === Task Status ===
2025-11-30 21:10:06,717 - PID:1582733 - INFO - Total Tasks: 14, Pending=13, Running=0, Completed=1, Failed=0
2025-11-30 21:10:06,718 - PID:1582733 - INFO - === Queue Status ===
2025-11-30 21:10:06,718 - PID:1582733 - INFO - Queue 1: 🟢 IDLE, Pending=4, Running=0, Completed=1, Failed=0
2025-11-30 21:10:06,718 - PID:1582733 - INFO - Queue 2: 🟢 IDLE, Pending=2, Running=0, Completed=0, Failed=0
2025-11-30 21:10:06,718 - PID:1582733 - INFO - Queue 3: 🟢 IDLE, Pending=2, Running=0, Completed=0, Failed=0
2025-11-30 21:10:06,718 - PID:1582733 - INFO - Queue 4: 🟢 IDLE, Pending=1, Running=0, Completed=0, Failed=0
2025-11-30 21:10:06,718 - PID:1582733 - INFO - Queue 5: 🟢 IDLE, Pending=3, Running=0, Completed=0, Failed=0
2025-11-30 21:10:06,718 - PID:1582733 - INFO - Queue 6: 🟢 IDLE, Pending=1, Running=0, Completed=0, Failed=0
2025-11-30 21:10:06,718 - PID:1582733 - INFO - === GPU Status ===
2025-11-30 21:10:06,769 - PID:1582733 - INFO - GPU 0: Available=5.72GB, User Python Processes=0, Running Tasks=0
2025-11-30 21:10:06,823 - PID:1582733 - INFO - GPU 1: Available=4.67GB, User Python Processes=0, Running Tasks=0
2025-11-30 21:10:06,880 - PID:1582733 - INFO - GPU 2: Available=4.38GB, User Python Processes=0, Running Tasks=0
2025-11-30 21:10:06,928 - PID:1582733 - INFO - GPU 3: Available=18.40GB, User Python Processes=1, Running Tasks=0
2025-11-30 21:10:06,928 - PID:1582733 - INFO -   User Python PIDs: [1427990]
2025-11-30 21:10:06,976 - PID:1582733 - INFO - GPU 4: Available=24.37GB, User Python Processes=0, Running Tasks=0
2025-11-30 21:10:07,033 - PID:1582733 - INFO - GPU 5: Available=4.16GB, User Python Processes=0, Running Tasks=0
2025-11-30 21:10:07,091 - PID:1582733 - INFO - GPU 6: Available=4.89GB, User Python Processes=1, Running Tasks=0
2025-11-30 21:10:07,091 - PID:1582733 - INFO -   User Python PIDs: [1582953]
2025-11-30 21:10:07,144 - PID:1582733 - INFO - GPU 7: Available=28.10GB, User Python Processes=0, Running Tasks=0
2025-11-30 21:10:07,195 - PID:1582733 - INFO - GPU 8: Available=24.89GB, User Python Processes=0, Running Tasks=0
2025-11-30 21:10:07,244 - PID:1582733 - INFO - GPU 9: Available=13.00GB, User Python Processes=0, Running Tasks=0
2025-11-30 21:10:17,244 - PID:1582733 - INFO - === Task Status ===
2025-11-30 21:10:17,245 - PID:1582733 - INFO - Total Tasks: 14, Pending=13, Running=0, Completed=1, Failed=0
2025-11-30 21:10:17,245 - PID:1582733 - INFO - === Queue Status ===
2025-11-30 21:10:17,245 - PID:1582733 - INFO - Queue 1: 🟢 IDLE, Pending=4, Running=0, Completed=1, Failed=0
2025-11-30 21:10:17,245 - PID:1582733 - INFO - Queue 2: 🟢 IDLE, Pending=2, Running=0, Completed=0, Failed=0
2025-11-30 21:10:17,245 - PID:1582733 - INFO - Queue 3: 🟢 IDLE, Pending=2, Running=0, Completed=0, Failed=0
2025-11-30 21:10:17,245 - PID:1582733 - INFO - Queue 4: 🟢 IDLE, Pending=1, Running=0, Completed=0, Failed=0
2025-11-30 21:10:17,245 - PID:1582733 - INFO - Queue 5: 🟢 IDLE, Pending=3, Running=0, Completed=0, Failed=0
2025-11-30 21:10:17,245 - PID:1582733 - INFO - Queue 6: 🟢 IDLE, Pending=1, Running=0, Completed=0, Failed=0
2025-11-30 21:10:17,245 - PID:1582733 - INFO - === GPU Status ===
2025-11-30 21:10:17,297 - PID:1582733 - INFO - GPU 0: Available=5.72GB, User Python Processes=0, Running Tasks=0
2025-11-30 21:10:17,352 - PID:1582733 - INFO - GPU 1: Available=4.67GB, User Python Processes=0, Running Tasks=0
2025-11-30 21:10:17,411 - PID:1582733 - INFO - GPU 2: Available=4.38GB, User Python Processes=0, Running Tasks=0
2025-11-30 21:10:17,459 - PID:1582733 - INFO - GPU 3: Available=0.83GB, User Python Processes=1, Running Tasks=0
2025-11-30 21:10:17,459 - PID:1582733 - INFO -   User Python PIDs: [1427990]
2025-11-30 21:10:17,510 - PID:1582733 - INFO - GPU 4: Available=24.37GB, User Python Processes=0, Running Tasks=0
2025-11-30 21:10:17,567 - PID:1582733 - INFO - GPU 5: Available=4.16GB, User Python Processes=0, Running Tasks=0
2025-11-30 21:10:17,619 - PID:1582733 - INFO - GPU 6: Available=4.89GB, User Python Processes=1, Running Tasks=0
2025-11-30 21:10:17,619 - PID:1582733 - INFO -   User Python PIDs: [1582953]
2025-11-30 21:10:17,669 - PID:1582733 - INFO - GPU 7: Available=28.10GB, User Python Processes=0, Running Tasks=0
2025-11-30 21:10:17,722 - PID:1582733 - INFO - GPU 8: Available=24.89GB, User Python Processes=0, Running Tasks=0
2025-11-30 21:10:17,773 - PID:1582733 - INFO - GPU 9: Available=13.00GB, User Python Processes=0, Running Tasks=0
2025-11-30 21:10:26,610 - PID:1582733 - INFO - GPU 0: Insufficient memory. Available: 5.72GB, Required: 20.00GB
2025-11-30 21:10:26,636 - PID:1582733 - INFO - GPU 1: Insufficient memory. Available: 4.67GB, Required: 20.00GB
2025-11-30 21:10:26,672 - PID:1582733 - INFO - GPU 2: Insufficient memory. Available: 4.38GB, Required: 20.00GB
2025-11-30 21:10:26,727 - PID:1582733 - INFO - GPU 3: Insufficient memory. Available: 4.59GB, Required: 20.00GB
2025-11-30 21:10:26,777 - PID:1582733 - INFO - GPU 4: Available for task compete_942982. Memory: 24.37GB
2025-11-30 21:10:26,778 - PID:1582733 - INFO - 🚀 Starting queue 1 task compete_942982 on GPU 4
2025-11-30 21:10:26,778 - PID:1582733 - INFO - Starting task on GPU 4: rm -rf {work_dir}/experiments/car196/knowledge_base -> bash {work_dir}/scripts/set_hyperparameters.sh --experience_number 5 -> CUDA_VISIBLE_DEVICES={available_gpu} bash {work_dir}/scripts/run_pipeline.sh car --uni_id {uni_id}
2025-11-30 21:10:26,778 - PID:1582733 - INFO - 📈 Started 1 tasks: ['Queue 1']
2025-11-30 21:10:26,778 - PID:1582733 - INFO - Executing command 1/3 on GPU 4: rm -rf /home/hdl/project/fgvr_test_new/experiments/car196/knowledge_base
2025-11-30 21:10:26,781 - PID:1582733 - INFO - Command 1/3 completed successfully
2025-11-30 21:10:26,782 - PID:1582733 - INFO - Executing command 2/3 on GPU 4: bash /home/hdl/project/fgvr_test_new/scripts/set_hyperparameters.sh --experience_number 5
2025-11-30 21:10:26,791 - PID:1582733 - INFO - [compete_942982] === 超参数设置脚本 ===
2025-11-30 21:10:26,791 - PID:1582733 - INFO - [compete_942982] 项目根目录: /home/hdl/project/fgvr_test_new
2025-11-30 21:10:26,791 - PID:1582733 - INFO - [compete_942982] 超参数文件: /home/hdl/project/fgvr_test_new/configs/hyperparameters.yaml
2025-11-30 21:10:26,791 - PID:1582733 - INFO - [compete_942982] 
2025-11-30 21:10:26,792 - PID:1582733 - INFO - [compete_942982] 使用命令行指定的经验条数: 5
2025-11-30 21:10:26,793 - PID:1582733 - INFO - [compete_942982] 
2025-11-30 21:10:26,793 - PID:1582733 - INFO - [compete_942982] 正在更新超参数文件: /home/hdl/project/fgvr_test_new/configs/hyperparameters.yaml
2025-11-30 21:10:26,844 - PID:1582733 - INFO - [compete_942982] ✅ 超参数更新成功: experience_base_max_number = 5
2025-11-30 21:10:26,844 - PID:1582733 - INFO - [compete_942982] 
2025-11-30 21:10:26,844 - PID:1582733 - INFO - [compete_942982] === 超参数设置完成 ===
2025-11-30 21:10:26,844 - PID:1582733 - INFO - Command 2/3 completed successfully
2025-11-30 21:10:26,844 - PID:1582733 - INFO - Executing command 3/3 on GPU 4: CUDA_VISIBLE_DEVICES=4 bash /home/hdl/project/fgvr_test_new/scripts/run_pipeline.sh car --uni_id compete_942982
2025-11-30 21:10:26,845 - PID:1582733 - INFO - 🔄 Bash script with uni_id compete_942982 will handle its own PID registration
2025-11-30 21:10:26,916 - PID:1582733 - INFO - [compete_942982] [0;32m[SUCCESS][0m Pipeline 已启动 (完全后台), PID=1584344
2025-11-30 21:10:26,917 - PID:1582733 - INFO - [compete_942982] [0;34m[INFO][0m 日志文件: /home/hdl/project/fgvr_test_new/logs/pipeline/car196/pipeline_car(2).log
2025-11-30 21:10:26,917 - PID:1582733 - INFO - [compete_942982] 实时查看日志: tail -f '/home/hdl/project/fgvr_test_new/logs/pipeline/car196/pipeline_car(2).log'
2025-11-30 21:10:26,917 - PID:1582733 - INFO - Command 3/3 completed successfully
2025-11-30 21:10:26,917 - PID:1582733 - INFO - Task completed on GPU 4: rm -rf {work_dir}/experiments/car196/knowledge_base -> bash {work_dir}/scripts/set_hyperparameters.sh --experience_number 5 -> CUDA_VISIBLE_DEVICES={available_gpu} bash {work_dir}/scripts/run_pipeline.sh car --uni_id {uni_id}
2025-11-30 21:10:27,774 - PID:1582733 - INFO - === Task Status ===
2025-11-30 21:10:27,774 - PID:1582733 - INFO - Total Tasks: 14, Pending=12, Running=0, Completed=2, Failed=0
2025-11-30 21:10:27,774 - PID:1582733 - INFO - === Queue Status ===
2025-11-30 21:10:27,774 - PID:1582733 - INFO - Queue 1: 🟢 IDLE, Pending=3, Running=0, Completed=2, Failed=0
2025-11-30 21:10:27,774 - PID:1582733 - INFO - Queue 2: 🟢 IDLE, Pending=2, Running=0, Completed=0, Failed=0
2025-11-30 21:10:27,774 - PID:1582733 - INFO - Queue 3: 🟢 IDLE, Pending=2, Running=0, Completed=0, Failed=0
2025-11-30 21:10:27,774 - PID:1582733 - INFO - Queue 4: 🟢 IDLE, Pending=1, Running=0, Completed=0, Failed=0
2025-11-30 21:10:27,774 - PID:1582733 - INFO - Queue 5: 🟢 IDLE, Pending=3, Running=0, Completed=0, Failed=0
2025-11-30 21:10:27,774 - PID:1582733 - INFO - Queue 6: 🟢 IDLE, Pending=1, Running=0, Completed=0, Failed=0
2025-11-30 21:10:27,775 - PID:1582733 - INFO - === GPU Status ===
2025-11-30 21:10:27,824 - PID:1582733 - INFO - GPU 0: Available=5.72GB, User Python Processes=0, Running Tasks=0
2025-11-30 21:10:27,874 - PID:1582733 - INFO - GPU 1: Available=4.67GB, User Python Processes=0, Running Tasks=0
2025-11-30 21:10:27,924 - PID:1582733 - INFO - GPU 2: Available=4.38GB, User Python Processes=0, Running Tasks=0
2025-11-30 21:10:27,967 - PID:1582733 - INFO - GPU 3: Available=4.59GB, User Python Processes=1, Running Tasks=0
2025-11-30 21:10:27,967 - PID:1582733 - INFO -   User Python PIDs: [1427990]
2025-11-30 21:10:28,013 - PID:1582733 - INFO - GPU 4: Available=24.37GB, User Python Processes=0, Running Tasks=0
2025-11-30 21:10:28,068 - PID:1582733 - INFO - GPU 5: Available=4.16GB, User Python Processes=0, Running Tasks=0
2025-11-30 21:10:28,117 - PID:1582733 - INFO - GPU 6: Available=4.89GB, User Python Processes=1, Running Tasks=0
2025-11-30 21:10:28,117 - PID:1582733 - INFO -   User Python PIDs: [1582953]
2025-11-30 21:10:28,165 - PID:1582733 - INFO - GPU 7: Available=28.10GB, User Python Processes=0, Running Tasks=0
2025-11-30 21:10:28,216 - PID:1582733 - INFO - GPU 8: Available=24.89GB, User Python Processes=0, Running Tasks=0
2025-11-30 21:10:28,265 - PID:1582733 - INFO - GPU 9: Available=13.00GB, User Python Processes=0, Running Tasks=0
2025-11-30 21:10:38,265 - PID:1582733 - INFO - === Task Status ===
2025-11-30 21:10:38,265 - PID:1582733 - INFO - Total Tasks: 14, Pending=12, Running=0, Completed=2, Failed=0
2025-11-30 21:10:38,265 - PID:1582733 - INFO - === Queue Status ===
2025-11-30 21:10:38,265 - PID:1582733 - INFO - Queue 1: 🟢 IDLE, Pending=3, Running=0, Completed=2, Failed=0
2025-11-30 21:10:38,266 - PID:1582733 - INFO - Queue 2: 🟢 IDLE, Pending=2, Running=0, Completed=0, Failed=0
2025-11-30 21:10:38,266 - PID:1582733 - INFO - Queue 3: 🟢 IDLE, Pending=2, Running=0, Completed=0, Failed=0
2025-11-30 21:10:38,266 - PID:1582733 - INFO - Queue 4: 🟢 IDLE, Pending=1, Running=0, Completed=0, Failed=0
2025-11-30 21:10:38,266 - PID:1582733 - INFO - Queue 5: 🟢 IDLE, Pending=3, Running=0, Completed=0, Failed=0
2025-11-30 21:10:38,266 - PID:1582733 - INFO - Queue 6: 🟢 IDLE, Pending=1, Running=0, Completed=0, Failed=0
2025-11-30 21:10:38,266 - PID:1582733 - INFO - === GPU Status ===
2025-11-30 21:10:38,317 - PID:1582733 - INFO - GPU 0: Available=5.72GB, User Python Processes=0, Running Tasks=0
2025-11-30 21:10:38,372 - PID:1582733 - INFO - GPU 1: Available=4.67GB, User Python Processes=0, Running Tasks=0
2025-11-30 21:10:38,425 - PID:1582733 - INFO - GPU 2: Available=4.38GB, User Python Processes=0, Running Tasks=0
2025-11-30 21:10:38,480 - PID:1582733 - INFO - GPU 3: Available=13.04GB, User Python Processes=1, Running Tasks=0
2025-11-30 21:10:38,480 - PID:1582733 - INFO -   User Python PIDs: [1427990]
2025-11-30 21:10:38,529 - PID:1582733 - INFO - GPU 4: Available=24.37GB, User Python Processes=0, Running Tasks=0
2025-11-30 21:10:38,612 - PID:1582733 - INFO - GPU 5: Available=4.16GB, User Python Processes=0, Running Tasks=0
2025-11-30 21:10:38,669 - PID:1582733 - INFO - GPU 6: Available=2.11GB, User Python Processes=1, Running Tasks=0
2025-11-30 21:10:38,669 - PID:1582733 - INFO -   User Python PIDs: [1582953]
2025-11-30 21:10:38,719 - PID:1582733 - INFO - GPU 7: Available=28.10GB, User Python Processes=0, Running Tasks=0
2025-11-30 21:10:38,768 - PID:1582733 - INFO - GPU 8: Available=24.89GB, User Python Processes=0, Running Tasks=0
2025-11-30 21:10:38,816 - PID:1582733 - INFO - GPU 9: Available=13.00GB, User Python Processes=0, Running Tasks=0
2025-11-30 21:10:48,817 - PID:1582733 - INFO - === Task Status ===
2025-11-30 21:10:48,817 - PID:1582733 - INFO - Total Tasks: 14, Pending=12, Running=0, Completed=2, Failed=0
2025-11-30 21:10:48,817 - PID:1582733 - INFO - === Queue Status ===
2025-11-30 21:10:48,817 - PID:1582733 - INFO - Queue 1: 🟢 IDLE, Pending=3, Running=0, Completed=2, Failed=0
2025-11-30 21:10:48,817 - PID:1582733 - INFO - Queue 2: 🟢 IDLE, Pending=2, Running=0, Completed=0, Failed=0
2025-11-30 21:10:48,817 - PID:1582733 - INFO - Queue 3: 🟢 IDLE, Pending=2, Running=0, Completed=0, Failed=0
2025-11-30 21:10:48,817 - PID:1582733 - INFO - Queue 4: 🟢 IDLE, Pending=1, Running=0, Completed=0, Failed=0
2025-11-30 21:10:48,817 - PID:1582733 - INFO - Queue 5: 🟢 IDLE, Pending=3, Running=0, Completed=0, Failed=0
2025-11-30 21:10:48,817 - PID:1582733 - INFO - Queue 6: 🟢 IDLE, Pending=1, Running=0, Completed=0, Failed=0
2025-11-30 21:10:48,817 - PID:1582733 - INFO - === GPU Status ===
2025-11-30 21:10:48,871 - PID:1582733 - INFO - GPU 0: Available=5.72GB, User Python Processes=0, Running Tasks=0
2025-11-30 21:10:48,926 - PID:1582733 - INFO - GPU 1: Available=4.67GB, User Python Processes=0, Running Tasks=0
2025-11-30 21:10:48,980 - PID:1582733 - INFO - GPU 2: Available=4.38GB, User Python Processes=0, Running Tasks=0
2025-11-30 21:10:49,031 - PID:1582733 - INFO - GPU 3: Available=13.04GB, User Python Processes=1, Running Tasks=0
2025-11-30 21:10:49,031 - PID:1582733 - INFO -   User Python PIDs: [1427990]
2025-11-30 21:10:49,078 - PID:1582733 - INFO - GPU 4: Available=24.37GB, User Python Processes=0, Running Tasks=0
2025-11-30 21:10:49,148 - PID:1582733 - INFO - GPU 5: Available=4.16GB, User Python Processes=0, Running Tasks=0
2025-11-30 21:10:49,198 - PID:1582733 - INFO - GPU 6: Available=1.12GB, User Python Processes=2, Running Tasks=0
2025-11-30 21:10:49,198 - PID:1582733 - INFO -   User Python PIDs: [1582953, 1584381]
2025-11-30 21:10:49,246 - PID:1582733 - INFO - GPU 7: Available=28.10GB, User Python Processes=0, Running Tasks=0
2025-11-30 21:10:49,307 - PID:1582733 - INFO - GPU 8: Available=24.89GB, User Python Processes=0, Running Tasks=0
2025-11-30 21:10:49,358 - PID:1582733 - INFO - GPU 9: Available=13.00GB, User Python Processes=0, Running Tasks=0
2025-11-30 21:10:59,358 - PID:1582733 - INFO - === Task Status ===
2025-11-30 21:10:59,358 - PID:1582733 - INFO - Total Tasks: 14, Pending=12, Running=0, Completed=2, Failed=0
2025-11-30 21:10:59,358 - PID:1582733 - INFO - === Queue Status ===
2025-11-30 21:10:59,358 - PID:1582733 - INFO - Queue 1: 🟢 IDLE, Pending=3, Running=0, Completed=2, Failed=0
2025-11-30 21:10:59,359 - PID:1582733 - INFO - Queue 2: 🟢 IDLE, Pending=2, Running=0, Completed=0, Failed=0
2025-11-30 21:10:59,359 - PID:1582733 - INFO - Queue 3: 🟢 IDLE, Pending=2, Running=0, Completed=0, Failed=0
2025-11-30 21:10:59,359 - PID:1582733 - INFO - Queue 4: 🟢 IDLE, Pending=1, Running=0, Completed=0, Failed=0
2025-11-30 21:10:59,359 - PID:1582733 - INFO - Queue 5: 🟢 IDLE, Pending=3, Running=0, Completed=0, Failed=0
2025-11-30 21:10:59,359 - PID:1582733 - INFO - Queue 6: 🟢 IDLE, Pending=1, Running=0, Completed=0, Failed=0
2025-11-30 21:10:59,359 - PID:1582733 - INFO - === GPU Status ===
2025-11-30 21:10:59,412 - PID:1582733 - INFO - GPU 0: Available=5.72GB, User Python Processes=0, Running Tasks=0
2025-11-30 21:10:59,466 - PID:1582733 - INFO - GPU 1: Available=4.67GB, User Python Processes=0, Running Tasks=0
2025-11-30 21:10:59,533 - PID:1582733 - INFO - GPU 2: Available=4.38GB, User Python Processes=0, Running Tasks=0
2025-11-30 21:10:59,584 - PID:1582733 - INFO - GPU 3: Available=16.94GB, User Python Processes=1, Running Tasks=0
2025-11-30 21:10:59,584 - PID:1582733 - INFO -   User Python PIDs: [1427990]
2025-11-30 21:10:59,633 - PID:1582733 - INFO - GPU 4: Available=24.37GB, User Python Processes=0, Running Tasks=0
2025-11-30 21:10:59,710 - PID:1582733 - INFO - GPU 5: Available=4.16GB, User Python Processes=0, Running Tasks=0
2025-11-30 21:10:59,762 - PID:1582733 - INFO - GPU 6: Available=1.93GB, User Python Processes=2, Running Tasks=0
2025-11-30 21:10:59,762 - PID:1582733 - INFO -   User Python PIDs: [1582953, 1584381]
2025-11-30 21:10:59,812 - PID:1582733 - INFO - GPU 7: Available=28.10GB, User Python Processes=0, Running Tasks=0
2025-11-30 21:10:59,862 - PID:1582733 - INFO - GPU 8: Available=24.89GB, User Python Processes=0, Running Tasks=0
2025-11-30 21:10:59,910 - PID:1582733 - INFO - GPU 9: Available=13.00GB, User Python Processes=0, Running Tasks=0
2025-11-30 21:11:09,910 - PID:1582733 - INFO - === Task Status ===
2025-11-30 21:11:09,911 - PID:1582733 - INFO - Total Tasks: 14, Pending=12, Running=0, Completed=2, Failed=0
2025-11-30 21:11:09,911 - PID:1582733 - INFO - === Queue Status ===
2025-11-30 21:11:09,911 - PID:1582733 - INFO - Queue 1: 🟢 IDLE, Pending=3, Running=0, Completed=2, Failed=0
2025-11-30 21:11:09,911 - PID:1582733 - INFO - Queue 2: 🟢 IDLE, Pending=2, Running=0, Completed=0, Failed=0
2025-11-30 21:11:09,911 - PID:1582733 - INFO - Queue 3: 🟢 IDLE, Pending=2, Running=0, Completed=0, Failed=0
2025-11-30 21:11:09,911 - PID:1582733 - INFO - Queue 4: 🟢 IDLE, Pending=1, Running=0, Completed=0, Failed=0
2025-11-30 21:11:09,911 - PID:1582733 - INFO - Queue 5: 🟢 IDLE, Pending=3, Running=0, Completed=0, Failed=0
2025-11-30 21:11:09,911 - PID:1582733 - INFO - Queue 6: 🟢 IDLE, Pending=1, Running=0, Completed=0, Failed=0
2025-11-30 21:11:09,911 - PID:1582733 - INFO - === GPU Status ===
2025-11-30 21:11:09,963 - PID:1582733 - INFO - GPU 0: Available=5.72GB, User Python Processes=0, Running Tasks=0
2025-11-30 21:11:10,016 - PID:1582733 - INFO - GPU 1: Available=4.67GB, User Python Processes=0, Running Tasks=0
2025-11-30 21:11:10,072 - PID:1582733 - INFO - GPU 2: Available=4.38GB, User Python Processes=0, Running Tasks=0
2025-11-30 21:11:10,124 - PID:1582733 - INFO - GPU 3: Available=16.94GB, User Python Processes=1, Running Tasks=0
2025-11-30 21:11:10,124 - PID:1582733 - INFO -   User Python PIDs: [1427990]
2025-11-30 21:11:10,174 - PID:1582733 - INFO - GPU 4: Available=24.37GB, User Python Processes=0, Running Tasks=0
2025-11-30 21:11:10,228 - PID:1582733 - INFO - GPU 5: Available=4.16GB, User Python Processes=0, Running Tasks=0
2025-11-30 21:11:10,282 - PID:1582733 - INFO - GPU 6: Available=2.43GB, User Python Processes=2, Running Tasks=0
2025-11-30 21:11:10,282 - PID:1582733 - INFO -   User Python PIDs: [1582953, 1584381]
2025-11-30 21:11:10,334 - PID:1582733 - INFO - GPU 7: Available=28.10GB, User Python Processes=0, Running Tasks=0
2025-11-30 21:11:10,386 - PID:1582733 - INFO - GPU 8: Available=24.89GB, User Python Processes=0, Running Tasks=0
2025-11-30 21:11:10,437 - PID:1582733 - INFO - GPU 9: Available=13.00GB, User Python Processes=0, Running Tasks=0
2025-11-30 21:11:20,437 - PID:1582733 - INFO - === Task Status ===
2025-11-30 21:11:20,438 - PID:1582733 - INFO - Total Tasks: 14, Pending=12, Running=0, Completed=2, Failed=0
2025-11-30 21:11:20,438 - PID:1582733 - INFO - === Queue Status ===
2025-11-30 21:11:20,438 - PID:1582733 - INFO - Queue 1: 🟢 IDLE, Pending=3, Running=0, Completed=2, Failed=0
2025-11-30 21:11:20,438 - PID:1582733 - INFO - Queue 2: 🟢 IDLE, Pending=2, Running=0, Completed=0, Failed=0
2025-11-30 21:11:20,438 - PID:1582733 - INFO - Queue 3: 🟢 IDLE, Pending=2, Running=0, Completed=0, Failed=0
2025-11-30 21:11:20,438 - PID:1582733 - INFO - Queue 4: 🟢 IDLE, Pending=1, Running=0, Completed=0, Failed=0
2025-11-30 21:11:20,438 - PID:1582733 - INFO - Queue 5: 🟢 IDLE, Pending=3, Running=0, Completed=0, Failed=0
2025-11-30 21:11:20,438 - PID:1582733 - INFO - Queue 6: 🟢 IDLE, Pending=1, Running=0, Completed=0, Failed=0
2025-11-30 21:11:20,438 - PID:1582733 - INFO - === GPU Status ===
2025-11-30 21:11:20,491 - PID:1582733 - INFO - GPU 0: Available=5.72GB, User Python Processes=0, Running Tasks=0
2025-11-30 21:11:20,549 - PID:1582733 - INFO - GPU 1: Available=4.67GB, User Python Processes=0, Running Tasks=0
2025-11-30 21:11:20,604 - PID:1582733 - INFO - GPU 2: Available=4.38GB, User Python Processes=0, Running Tasks=0
2025-11-30 21:11:20,653 - PID:1582733 - INFO - GPU 3: Available=4.99GB, User Python Processes=1, Running Tasks=0
2025-11-30 21:11:20,654 - PID:1582733 - INFO -   User Python PIDs: [1427990]
2025-11-30 21:11:20,701 - PID:1582733 - INFO - GPU 4: Available=24.37GB, User Python Processes=0, Running Tasks=0
2025-11-30 21:11:20,759 - PID:1582733 - INFO - GPU 5: Available=4.16GB, User Python Processes=0, Running Tasks=0
2025-11-30 21:11:20,811 - PID:1582733 - INFO - GPU 6: Available=2.36GB, User Python Processes=2, Running Tasks=0
2025-11-30 21:11:20,811 - PID:1582733 - INFO -   User Python PIDs: [1582953, 1584381]
2025-11-30 21:11:20,860 - PID:1582733 - INFO - GPU 7: Available=28.10GB, User Python Processes=0, Running Tasks=0
2025-11-30 21:11:20,909 - PID:1582733 - INFO - GPU 8: Available=24.89GB, User Python Processes=0, Running Tasks=0
2025-11-30 21:11:20,960 - PID:1582733 - INFO - GPU 9: Available=13.00GB, User Python Processes=0, Running Tasks=0
2025-11-30 21:11:28,811 - PID:1582733 - INFO - GPU 0: Insufficient memory. Available: 5.72GB, Required: 20.00GB
2025-11-30 21:11:28,838 - PID:1582733 - INFO - GPU 1: Insufficient memory. Available: 4.67GB, Required: 20.00GB
2025-11-30 21:11:28,865 - PID:1582733 - INFO - GPU 2: Insufficient memory. Available: 4.38GB, Required: 20.00GB
2025-11-30 21:11:28,889 - PID:1582733 - INFO - GPU 3: Insufficient memory. Available: 4.99GB, Required: 20.00GB
2025-11-30 21:11:28,942 - PID:1582733 - INFO - GPU 4: Available for task compete_528529. Memory: 24.37GB
2025-11-30 21:11:28,942 - PID:1582733 - INFO - 🚀 Starting queue 1 task compete_528529 on GPU 4
2025-11-30 21:11:28,942 - PID:1582733 - INFO - Starting task on GPU 4: rm -rf {work_dir}/experiments/car196/knowledge_base -> bash {work_dir}/scripts/set_hyperparameters.sh --experience_number 3 -> CUDA_VISIBLE_DEVICES={available_gpu} bash {work_dir}/scripts/run_pipeline.sh car --uni_id {uni_id}
2025-11-30 21:11:28,943 - PID:1582733 - INFO - 📈 Started 1 tasks: ['Queue 1']
2025-11-30 21:11:28,943 - PID:1582733 - INFO - Executing command 1/3 on GPU 4: rm -rf /home/hdl/project/fgvr_test_new/experiments/car196/knowledge_base
2025-11-30 21:11:28,947 - PID:1582733 - INFO - Command 1/3 completed successfully
2025-11-30 21:11:28,947 - PID:1582733 - INFO - Executing command 2/3 on GPU 4: bash /home/hdl/project/fgvr_test_new/scripts/set_hyperparameters.sh --experience_number 3
2025-11-30 21:11:28,958 - PID:1582733 - INFO - [compete_528529] === 超参数设置脚本 ===
2025-11-30 21:11:28,958 - PID:1582733 - INFO - [compete_528529] 项目根目录: /home/hdl/project/fgvr_test_new
2025-11-30 21:11:28,958 - PID:1582733 - INFO - [compete_528529] 超参数文件: /home/hdl/project/fgvr_test_new/configs/hyperparameters.yaml
2025-11-30 21:11:28,958 - PID:1582733 - INFO - [compete_528529] 
2025-11-30 21:11:28,959 - PID:1582733 - INFO - [compete_528529] 使用命令行指定的经验条数: 3
2025-11-30 21:11:28,960 - PID:1582733 - INFO - [compete_528529] 
2025-11-30 21:11:28,960 - PID:1582733 - INFO - [compete_528529] 正在更新超参数文件: /home/hdl/project/fgvr_test_new/configs/hyperparameters.yaml
2025-11-30 21:11:29,038 - PID:1582733 - INFO - [compete_528529] ✅ 超参数更新成功: experience_base_max_number = 3
2025-11-30 21:11:29,038 - PID:1582733 - INFO - [compete_528529] 
2025-11-30 21:11:29,039 - PID:1582733 - INFO - [compete_528529] === 超参数设置完成 ===
2025-11-30 21:11:29,039 - PID:1582733 - INFO - Command 2/3 completed successfully
2025-11-30 21:11:29,039 - PID:1582733 - INFO - Executing command 3/3 on GPU 4: CUDA_VISIBLE_DEVICES=4 bash /home/hdl/project/fgvr_test_new/scripts/run_pipeline.sh car --uni_id compete_528529
2025-11-30 21:11:29,040 - PID:1582733 - INFO - 🔄 Bash script with uni_id compete_528529 will handle its own PID registration
2025-11-30 21:11:29,105 - PID:1582733 - INFO - [compete_528529] [0;32m[SUCCESS][0m Pipeline 已启动 (完全后台), PID=1585909
2025-11-30 21:11:29,105 - PID:1582733 - INFO - [compete_528529] [0;34m[INFO][0m 日志文件: /home/hdl/project/fgvr_test_new/logs/pipeline/car196/pipeline_car(3).log
2025-11-30 21:11:29,105 - PID:1582733 - INFO - [compete_528529] 实时查看日志: tail -f '/home/hdl/project/fgvr_test_new/logs/pipeline/car196/pipeline_car(3).log'
2025-11-30 21:11:29,105 - PID:1582733 - INFO - Command 3/3 completed successfully
2025-11-30 21:11:29,105 - PID:1582733 - INFO - Task completed on GPU 4: rm -rf {work_dir}/experiments/car196/knowledge_base -> bash {work_dir}/scripts/set_hyperparameters.sh --experience_number 3 -> CUDA_VISIBLE_DEVICES={available_gpu} bash {work_dir}/scripts/run_pipeline.sh car --uni_id {uni_id}
2025-11-30 21:11:30,960 - PID:1582733 - INFO - === Task Status ===
2025-11-30 21:11:30,961 - PID:1582733 - INFO - Total Tasks: 14, Pending=11, Running=0, Completed=3, Failed=0
2025-11-30 21:11:30,961 - PID:1582733 - INFO - === Queue Status ===
2025-11-30 21:11:30,961 - PID:1582733 - INFO - Queue 1: 🟢 IDLE, Pending=2, Running=0, Completed=3, Failed=0
2025-11-30 21:11:30,961 - PID:1582733 - INFO - Queue 2: 🟢 IDLE, Pending=2, Running=0, Completed=0, Failed=0
2025-11-30 21:11:30,961 - PID:1582733 - INFO - Queue 3: 🟢 IDLE, Pending=2, Running=0, Completed=0, Failed=0
2025-11-30 21:11:30,961 - PID:1582733 - INFO - Queue 4: 🟢 IDLE, Pending=1, Running=0, Completed=0, Failed=0
2025-11-30 21:11:30,961 - PID:1582733 - INFO - Queue 5: 🟢 IDLE, Pending=3, Running=0, Completed=0, Failed=0
2025-11-30 21:11:30,961 - PID:1582733 - INFO - Queue 6: 🟢 IDLE, Pending=1, Running=0, Completed=0, Failed=0
2025-11-30 21:11:30,961 - PID:1582733 - INFO - === GPU Status ===
2025-11-30 21:11:31,016 - PID:1582733 - INFO - GPU 0: Available=5.72GB, User Python Processes=0, Running Tasks=0
2025-11-30 21:11:31,072 - PID:1582733 - INFO - GPU 1: Available=4.67GB, User Python Processes=0, Running Tasks=0
2025-11-30 21:11:31,132 - PID:1582733 - INFO - GPU 2: Available=4.38GB, User Python Processes=0, Running Tasks=0
2025-11-30 21:11:31,188 - PID:1582733 - INFO - GPU 3: Available=5.38GB, User Python Processes=1, Running Tasks=0
2025-11-30 21:11:31,189 - PID:1582733 - INFO -   User Python PIDs: [1427990]
2025-11-30 21:11:31,238 - PID:1582733 - INFO - GPU 4: Available=24.37GB, User Python Processes=0, Running Tasks=0
2025-11-30 21:11:31,295 - PID:1582733 - INFO - GPU 5: Available=4.16GB, User Python Processes=0, Running Tasks=0
2025-11-30 21:11:31,350 - PID:1582733 - INFO - GPU 6: Available=1.41GB, User Python Processes=2, Running Tasks=0
2025-11-30 21:11:31,350 - PID:1582733 - INFO -   User Python PIDs: [1582953, 1584381]
2025-11-30 21:11:31,400 - PID:1582733 - INFO - GPU 7: Available=28.10GB, User Python Processes=0, Running Tasks=0
2025-11-30 21:11:31,449 - PID:1582733 - INFO - GPU 8: Available=24.89GB, User Python Processes=0, Running Tasks=0
2025-11-30 21:11:31,574 - PID:1582733 - INFO - GPU 9: Available=13.00GB, User Python Processes=0, Running Tasks=0
2025-11-30 21:11:41,575 - PID:1582733 - INFO - === Task Status ===
2025-11-30 21:11:41,575 - PID:1582733 - INFO - Total Tasks: 14, Pending=11, Running=0, Completed=3, Failed=0
2025-11-30 21:11:41,575 - PID:1582733 - INFO - === Queue Status ===
2025-11-30 21:11:41,575 - PID:1582733 - INFO - Queue 1: 🟢 IDLE, Pending=2, Running=0, Completed=3, Failed=0
2025-11-30 21:11:41,575 - PID:1582733 - INFO - Queue 2: 🟢 IDLE, Pending=2, Running=0, Completed=0, Failed=0
2025-11-30 21:11:41,575 - PID:1582733 - INFO - Queue 3: 🟢 IDLE, Pending=2, Running=0, Completed=0, Failed=0
2025-11-30 21:11:41,576 - PID:1582733 - INFO - Queue 4: 🟢 IDLE, Pending=1, Running=0, Completed=0, Failed=0
2025-11-30 21:11:41,576 - PID:1582733 - INFO - Queue 5: 🟢 IDLE, Pending=3, Running=0, Completed=0, Failed=0
2025-11-30 21:11:41,576 - PID:1582733 - INFO - Queue 6: 🟢 IDLE, Pending=1, Running=0, Completed=0, Failed=0
2025-11-30 21:11:41,576 - PID:1582733 - INFO - === GPU Status ===
2025-11-30 21:11:41,631 - PID:1582733 - INFO - GPU 0: Available=5.72GB, User Python Processes=0, Running Tasks=0
2025-11-30 21:11:41,688 - PID:1582733 - INFO - GPU 1: Available=4.67GB, User Python Processes=0, Running Tasks=0
2025-11-30 21:11:41,740 - PID:1582733 - INFO - GPU 2: Available=4.38GB, User Python Processes=0, Running Tasks=0
2025-11-30 21:11:41,791 - PID:1582733 - INFO - GPU 3: Available=5.84GB, User Python Processes=1, Running Tasks=0
2025-11-30 21:11:41,791 - PID:1582733 - INFO -   User Python PIDs: [1427990]
2025-11-30 21:11:41,841 - PID:1582733 - INFO - GPU 4: Available=24.37GB, User Python Processes=0, Running Tasks=0
2025-11-30 21:11:41,898 - PID:1582733 - INFO - GPU 5: Available=4.16GB, User Python Processes=0, Running Tasks=0
2025-11-30 21:11:41,962 - PID:1582733 - INFO - GPU 6: Available=1.14GB, User Python Processes=3, Running Tasks=0
2025-11-30 21:11:41,962 - PID:1582733 - INFO -   User Python PIDs: [1582953, 1584381, 1585943]
2025-11-30 21:11:42,029 - PID:1582733 - INFO - GPU 7: Available=28.10GB, User Python Processes=0, Running Tasks=0
2025-11-30 21:11:42,076 - PID:1582733 - INFO - GPU 8: Available=24.89GB, User Python Processes=0, Running Tasks=0
2025-11-30 21:11:42,126 - PID:1582733 - INFO - GPU 9: Available=13.00GB, User Python Processes=0, Running Tasks=0
2025-11-30 21:11:52,126 - PID:1582733 - INFO - === Task Status ===
2025-11-30 21:11:52,126 - PID:1582733 - INFO - Total Tasks: 14, Pending=11, Running=0, Completed=3, Failed=0
2025-11-30 21:11:52,126 - PID:1582733 - INFO - === Queue Status ===
2025-11-30 21:11:52,126 - PID:1582733 - INFO - Queue 1: 🟢 IDLE, Pending=2, Running=0, Completed=3, Failed=0
2025-11-30 21:11:52,127 - PID:1582733 - INFO - Queue 2: 🟢 IDLE, Pending=2, Running=0, Completed=0, Failed=0
2025-11-30 21:11:52,127 - PID:1582733 - INFO - Queue 3: 🟢 IDLE, Pending=2, Running=0, Completed=0, Failed=0
2025-11-30 21:11:52,127 - PID:1582733 - INFO - Queue 4: 🟢 IDLE, Pending=1, Running=0, Completed=0, Failed=0
2025-11-30 21:11:52,127 - PID:1582733 - INFO - Queue 5: 🟢 IDLE, Pending=3, Running=0, Completed=0, Failed=0
2025-11-30 21:11:52,127 - PID:1582733 - INFO - Queue 6: 🟢 IDLE, Pending=1, Running=0, Completed=0, Failed=0
2025-11-30 21:11:52,127 - PID:1582733 - INFO - === GPU Status ===
2025-11-30 21:11:54,378 - PID:1582733 - INFO - GPU 0: Available=5.72GB, User Python Processes=0, Running Tasks=0
2025-11-30 21:11:54,433 - PID:1582733 - INFO - GPU 1: Available=4.67GB, User Python Processes=0, Running Tasks=0
2025-11-30 21:11:54,486 - PID:1582733 - INFO - GPU 2: Available=4.38GB, User Python Processes=0, Running Tasks=0
2025-11-30 21:11:54,543 - PID:1582733 - INFO - GPU 3: Available=9.15GB, User Python Processes=1, Running Tasks=0
2025-11-30 21:11:54,543 - PID:1582733 - INFO -   User Python PIDs: [1427990]
2025-11-30 21:11:54,596 - PID:1582733 - INFO - GPU 4: Available=24.37GB, User Python Processes=0, Running Tasks=0
2025-11-30 21:11:54,648 - PID:1582733 - INFO - GPU 5: Available=4.16GB, User Python Processes=0, Running Tasks=0
2025-11-30 21:11:54,707 - PID:1582733 - INFO - GPU 6: Available=1.41GB, User Python Processes=3, Running Tasks=0
2025-11-30 21:11:54,707 - PID:1582733 - INFO -   User Python PIDs: [1582953, 1584381, 1585943]
2025-11-30 21:11:54,757 - PID:1582733 - INFO - GPU 7: Available=28.10GB, User Python Processes=0, Running Tasks=0
2025-11-30 21:11:54,808 - PID:1582733 - INFO - GPU 8: Available=24.89GB, User Python Processes=0, Running Tasks=0
2025-11-30 21:11:54,859 - PID:1582733 - INFO - GPU 9: Available=13.00GB, User Python Processes=0, Running Tasks=0
2025-11-30 21:12:04,859 - PID:1582733 - INFO - === Task Status ===
2025-11-30 21:12:04,859 - PID:1582733 - INFO - Total Tasks: 14, Pending=11, Running=0, Completed=3, Failed=0
2025-11-30 21:12:04,859 - PID:1582733 - INFO - === Queue Status ===
2025-11-30 21:12:04,859 - PID:1582733 - INFO - Queue 1: 🟢 IDLE, Pending=2, Running=0, Completed=3, Failed=0
2025-11-30 21:12:04,859 - PID:1582733 - INFO - Queue 2: 🟢 IDLE, Pending=2, Running=0, Completed=0, Failed=0
2025-11-30 21:12:04,859 - PID:1582733 - INFO - Queue 3: 🟢 IDLE, Pending=2, Running=0, Completed=0, Failed=0
2025-11-30 21:12:04,859 - PID:1582733 - INFO - Queue 4: 🟢 IDLE, Pending=1, Running=0, Completed=0, Failed=0
2025-11-30 21:12:04,859 - PID:1582733 - INFO - Queue 5: 🟢 IDLE, Pending=3, Running=0, Completed=0, Failed=0
2025-11-30 21:12:04,859 - PID:1582733 - INFO - Queue 6: 🟢 IDLE, Pending=1, Running=0, Completed=0, Failed=0
2025-11-30 21:12:04,859 - PID:1582733 - INFO - === GPU Status ===
2025-11-30 21:12:04,913 - PID:1582733 - INFO - GPU 0: Available=5.72GB, User Python Processes=0, Running Tasks=0
2025-11-30 21:12:04,965 - PID:1582733 - INFO - GPU 1: Available=4.67GB, User Python Processes=0, Running Tasks=0
2025-11-30 21:12:05,021 - PID:1582733 - INFO - GPU 2: Available=4.38GB, User Python Processes=0, Running Tasks=0
2025-11-30 21:12:05,072 - PID:1582733 - INFO - GPU 3: Available=9.15GB, User Python Processes=1, Running Tasks=0
2025-11-30 21:12:05,072 - PID:1582733 - INFO -   User Python PIDs: [1427990]
2025-11-30 21:12:05,120 - PID:1582733 - INFO - GPU 4: Available=24.37GB, User Python Processes=0, Running Tasks=0
2025-11-30 21:12:05,178 - PID:1582733 - INFO - GPU 5: Available=4.16GB, User Python Processes=0, Running Tasks=0
2025-11-30 21:12:05,229 - PID:1582733 - INFO - GPU 6: Available=1.41GB, User Python Processes=3, Running Tasks=0
2025-11-30 21:12:05,229 - PID:1582733 - INFO -   User Python PIDs: [1582953, 1584381, 1585943]
2025-11-30 21:12:05,280 - PID:1582733 - INFO - GPU 7: Available=28.10GB, User Python Processes=0, Running Tasks=0
2025-11-30 21:12:05,332 - PID:1582733 - INFO - GPU 8: Available=24.89GB, User Python Processes=0, Running Tasks=0
2025-11-30 21:12:05,383 - PID:1582733 - INFO - GPU 9: Available=13.00GB, User Python Processes=0, Running Tasks=0
2025-11-30 21:12:15,384 - PID:1582733 - INFO - === Task Status ===
2025-11-30 21:12:15,384 - PID:1582733 - INFO - Total Tasks: 14, Pending=11, Running=0, Completed=3, Failed=0
2025-11-30 21:12:15,384 - PID:1582733 - INFO - === Queue Status ===
2025-11-30 21:12:15,384 - PID:1582733 - INFO - Queue 1: 🟢 IDLE, Pending=2, Running=0, Completed=3, Failed=0
2025-11-30 21:12:15,384 - PID:1582733 - INFO - Queue 2: 🟢 IDLE, Pending=2, Running=0, Completed=0, Failed=0
2025-11-30 21:12:15,385 - PID:1582733 - INFO - Queue 3: 🟢 IDLE, Pending=2, Running=0, Completed=0, Failed=0
2025-11-30 21:12:15,385 - PID:1582733 - INFO - Queue 4: 🟢 IDLE, Pending=1, Running=0, Completed=0, Failed=0
2025-11-30 21:12:15,385 - PID:1582733 - INFO - Queue 5: 🟢 IDLE, Pending=3, Running=0, Completed=0, Failed=0
2025-11-30 21:12:15,385 - PID:1582733 - INFO - Queue 6: 🟢 IDLE, Pending=1, Running=0, Completed=0, Failed=0
2025-11-30 21:12:15,385 - PID:1582733 - INFO - === GPU Status ===
2025-11-30 21:12:15,435 - PID:1582733 - INFO - GPU 0: Available=5.72GB, User Python Processes=0, Running Tasks=0
2025-11-30 21:12:15,484 - PID:1582733 - INFO - GPU 1: Available=4.67GB, User Python Processes=0, Running Tasks=0
2025-11-30 21:12:15,537 - PID:1582733 - INFO - GPU 2: Available=4.38GB, User Python Processes=0, Running Tasks=0
2025-11-30 21:12:15,590 - PID:1582733 - INFO - GPU 3: Available=13.75GB, User Python Processes=1, Running Tasks=0
2025-11-30 21:12:15,590 - PID:1582733 - INFO -   User Python PIDs: [1427990]
2025-11-30 21:12:15,639 - PID:1582733 - INFO - GPU 4: Available=24.37GB, User Python Processes=0, Running Tasks=0
2025-11-30 21:12:15,698 - PID:1582733 - INFO - GPU 5: Available=4.16GB, User Python Processes=0, Running Tasks=0
2025-11-30 21:12:15,747 - PID:1582733 - INFO - GPU 6: Available=1.26GB, User Python Processes=3, Running Tasks=0
2025-11-30 21:12:15,747 - PID:1582733 - INFO -   User Python PIDs: [1582953, 1584381, 1585943]
2025-11-30 21:12:15,797 - PID:1582733 - INFO - GPU 7: Available=28.10GB, User Python Processes=0, Running Tasks=0
2025-11-30 21:12:15,847 - PID:1582733 - INFO - GPU 8: Available=24.89GB, User Python Processes=0, Running Tasks=0
2025-11-30 21:12:15,901 - PID:1582733 - INFO - GPU 9: Available=13.00GB, User Python Processes=0, Running Tasks=0
2025-11-30 21:12:25,901 - PID:1582733 - INFO - === Task Status ===
2025-11-30 21:12:25,902 - PID:1582733 - INFO - Total Tasks: 14, Pending=11, Running=0, Completed=3, Failed=0
2025-11-30 21:12:25,902 - PID:1582733 - INFO - === Queue Status ===
2025-11-30 21:12:25,902 - PID:1582733 - INFO - Queue 1: 🟢 IDLE, Pending=2, Running=0, Completed=3, Failed=0
2025-11-30 21:12:25,902 - PID:1582733 - INFO - Queue 2: 🟢 IDLE, Pending=2, Running=0, Completed=0, Failed=0
2025-11-30 21:12:25,902 - PID:1582733 - INFO - Queue 3: 🟢 IDLE, Pending=2, Running=0, Completed=0, Failed=0
2025-11-30 21:12:25,902 - PID:1582733 - INFO - Queue 4: 🟢 IDLE, Pending=1, Running=0, Completed=0, Failed=0
2025-11-30 21:12:25,902 - PID:1582733 - INFO - Queue 5: 🟢 IDLE, Pending=3, Running=0, Completed=0, Failed=0
2025-11-30 21:12:25,902 - PID:1582733 - INFO - Queue 6: 🟢 IDLE, Pending=1, Running=0, Completed=0, Failed=0
2025-11-30 21:12:25,902 - PID:1582733 - INFO - === GPU Status ===
2025-11-30 21:12:25,952 - PID:1582733 - INFO - GPU 0: Available=5.72GB, User Python Processes=0, Running Tasks=0
2025-11-30 21:12:26,003 - PID:1582733 - INFO - GPU 1: Available=4.67GB, User Python Processes=0, Running Tasks=0
2025-11-30 21:12:26,058 - PID:1582733 - INFO - GPU 2: Available=4.38GB, User Python Processes=0, Running Tasks=0
2025-11-30 21:12:26,109 - PID:1582733 - INFO - GPU 3: Available=13.75GB, User Python Processes=1, Running Tasks=0
2025-11-30 21:12:26,109 - PID:1582733 - INFO -   User Python PIDs: [1427990]
2025-11-30 21:12:26,158 - PID:1582733 - INFO - GPU 4: Available=24.37GB, User Python Processes=0, Running Tasks=0
2025-11-30 21:12:26,214 - PID:1582733 - INFO - GPU 5: Available=4.16GB, User Python Processes=0, Running Tasks=0
2025-11-30 21:12:26,266 - PID:1582733 - INFO - GPU 6: Available=0.66GB, User Python Processes=3, Running Tasks=0
2025-11-30 21:12:26,266 - PID:1582733 - INFO -   User Python PIDs: [1582953, 1584381, 1585943]
2025-11-30 21:12:26,332 - PID:1582733 - INFO - GPU 7: Available=28.10GB, User Python Processes=0, Running Tasks=0
2025-11-30 21:12:26,382 - PID:1582733 - INFO - GPU 8: Available=24.89GB, User Python Processes=0, Running Tasks=0
2025-11-30 21:12:26,431 - PID:1582733 - INFO - GPU 9: Available=13.00GB, User Python Processes=0, Running Tasks=0
2025-11-30 21:12:30,976 - PID:1582733 - INFO - GPU 0: Insufficient memory. Available: 5.72GB, Required: 20.00GB
2025-11-30 21:12:31,000 - PID:1582733 - INFO - GPU 1: Insufficient memory. Available: 4.67GB, Required: 20.00GB
2025-11-30 21:12:31,026 - PID:1582733 - INFO - GPU 2: Insufficient memory. Available: 4.38GB, Required: 20.00GB
2025-11-30 21:12:31,069 - PID:1582733 - INFO - GPU 3: Insufficient memory. Available: 16.36GB, Required: 20.00GB
2025-11-30 21:12:31,121 - PID:1582733 - INFO - GPU 4: Available for task compete_470553. Memory: 24.37GB
2025-11-30 21:12:31,121 - PID:1582733 - INFO - 🚀 Starting queue 1 task compete_470553 on GPU 4
2025-11-30 21:12:31,121 - PID:1582733 - INFO - Starting task on GPU 4: rm -rf {work_dir}/experiments/car196/knowledge_base -> bash {work_dir}/scripts/set_hyperparameters.sh --experience_number 20 -> CUDA_VISIBLE_DEVICES={available_gpu} bash {work_dir}/scripts/run_pipeline.sh car --uni_id {uni_id}
2025-11-30 21:12:31,122 - PID:1582733 - INFO - 📈 Started 1 tasks: ['Queue 1']
2025-11-30 21:12:31,122 - PID:1582733 - INFO - Executing command 1/3 on GPU 4: rm -rf /home/hdl/project/fgvr_test_new/experiments/car196/knowledge_base
2025-11-30 21:12:31,126 - PID:1582733 - INFO - Command 1/3 completed successfully
2025-11-30 21:12:31,126 - PID:1582733 - INFO - Executing command 2/3 on GPU 4: bash /home/hdl/project/fgvr_test_new/scripts/set_hyperparameters.sh --experience_number 20
2025-11-30 21:12:31,137 - PID:1582733 - INFO - [compete_470553] === 超参数设置脚本 ===
2025-11-30 21:12:31,137 - PID:1582733 - INFO - [compete_470553] 项目根目录: /home/hdl/project/fgvr_test_new
2025-11-30 21:12:31,137 - PID:1582733 - INFO - [compete_470553] 超参数文件: /home/hdl/project/fgvr_test_new/configs/hyperparameters.yaml
2025-11-30 21:12:31,137 - PID:1582733 - INFO - [compete_470553] 
2025-11-30 21:12:31,137 - PID:1582733 - INFO - [compete_470553] 使用命令行指定的经验条数: 20
2025-11-30 21:12:31,138 - PID:1582733 - INFO - [compete_470553] 
2025-11-30 21:12:31,138 - PID:1582733 - INFO - [compete_470553] 正在更新超参数文件: /home/hdl/project/fgvr_test_new/configs/hyperparameters.yaml
2025-11-30 21:12:31,194 - PID:1582733 - INFO - [compete_470553] ✅ 超参数更新成功: experience_base_max_number = 20
2025-11-30 21:12:31,194 - PID:1582733 - INFO - [compete_470553] 
2025-11-30 21:12:31,194 - PID:1582733 - INFO - [compete_470553] === 超参数设置完成 ===
2025-11-30 21:12:31,194 - PID:1582733 - INFO - Command 2/3 completed successfully
2025-11-30 21:12:31,194 - PID:1582733 - INFO - Executing command 3/3 on GPU 4: CUDA_VISIBLE_DEVICES=4 bash /home/hdl/project/fgvr_test_new/scripts/run_pipeline.sh car --uni_id compete_470553
2025-11-30 21:12:31,195 - PID:1582733 - INFO - 🔄 Bash script with uni_id compete_470553 will handle its own PID registration
2025-11-30 21:12:31,261 - PID:1582733 - INFO - [compete_470553] [0;32m[SUCCESS][0m Pipeline 已启动 (完全后台), PID=1587629
2025-11-30 21:12:31,261 - PID:1582733 - INFO - [compete_470553] [0;34m[INFO][0m 日志文件: /home/hdl/project/fgvr_test_new/logs/pipeline/car196/pipeline_car(4).log
2025-11-30 21:12:31,261 - PID:1582733 - INFO - [compete_470553] 实时查看日志: tail -f '/home/hdl/project/fgvr_test_new/logs/pipeline/car196/pipeline_car(4).log'
2025-11-30 21:12:31,262 - PID:1582733 - INFO - Command 3/3 completed successfully
2025-11-30 21:12:31,262 - PID:1582733 - INFO - Task completed on GPU 4: rm -rf {work_dir}/experiments/car196/knowledge_base -> bash {work_dir}/scripts/set_hyperparameters.sh --experience_number 20 -> CUDA_VISIBLE_DEVICES={available_gpu} bash {work_dir}/scripts/run_pipeline.sh car --uni_id {uni_id}
2025-11-30 21:12:36,432 - PID:1582733 - INFO - === Task Status ===
2025-11-30 21:12:36,432 - PID:1582733 - INFO - Total Tasks: 14, Pending=10, Running=0, Completed=4, Failed=0
2025-11-30 21:12:36,432 - PID:1582733 - INFO - === Queue Status ===
2025-11-30 21:12:36,432 - PID:1582733 - INFO - Queue 1: 🟢 IDLE, Pending=1, Running=0, Completed=4, Failed=0
2025-11-30 21:12:36,432 - PID:1582733 - INFO - Queue 2: 🟢 IDLE, Pending=2, Running=0, Completed=0, Failed=0
2025-11-30 21:12:36,432 - PID:1582733 - INFO - Queue 3: 🟢 IDLE, Pending=2, Running=0, Completed=0, Failed=0
2025-11-30 21:12:36,432 - PID:1582733 - INFO - Queue 4: 🟢 IDLE, Pending=1, Running=0, Completed=0, Failed=0
2025-11-30 21:12:36,432 - PID:1582733 - INFO - Queue 5: 🟢 IDLE, Pending=3, Running=0, Completed=0, Failed=0
2025-11-30 21:12:36,433 - PID:1582733 - INFO - Queue 6: 🟢 IDLE, Pending=1, Running=0, Completed=0, Failed=0
2025-11-30 21:12:36,433 - PID:1582733 - INFO - === GPU Status ===
2025-11-30 21:12:36,496 - PID:1582733 - INFO - GPU 0: Available=5.72GB, User Python Processes=0, Running Tasks=0
2025-11-30 21:12:36,551 - PID:1582733 - INFO - GPU 1: Available=4.67GB, User Python Processes=0, Running Tasks=0
2025-11-30 21:12:36,605 - PID:1582733 - INFO - GPU 2: Available=4.38GB, User Python Processes=0, Running Tasks=0
2025-11-30 21:12:36,664 - PID:1582733 - INFO - GPU 3: Available=16.36GB, User Python Processes=1, Running Tasks=0
2025-11-30 21:12:36,664 - PID:1582733 - INFO -   User Python PIDs: [1427990]
2025-11-30 21:12:36,715 - PID:1582733 - INFO - GPU 4: Available=24.37GB, User Python Processes=0, Running Tasks=0
2025-11-30 21:12:36,767 - PID:1582733 - INFO - GPU 5: Available=4.16GB, User Python Processes=0, Running Tasks=0
2025-11-30 21:12:36,823 - PID:1582733 - INFO - GPU 6: Available=1.00GB, User Python Processes=3, Running Tasks=0
2025-11-30 21:12:36,823 - PID:1582733 - INFO -   User Python PIDs: [1582953, 1584381, 1585943]
2025-11-30 21:12:36,873 - PID:1582733 - INFO - GPU 7: Available=28.10GB, User Python Processes=0, Running Tasks=0
2025-11-30 21:12:36,923 - PID:1582733 - INFO - GPU 8: Available=24.89GB, User Python Processes=0, Running Tasks=0
2025-11-30 21:12:36,972 - PID:1582733 - INFO - GPU 9: Available=13.00GB, User Python Processes=0, Running Tasks=0
2025-11-30 21:12:46,972 - PID:1582733 - INFO - === Task Status ===
2025-11-30 21:12:46,973 - PID:1582733 - INFO - Total Tasks: 14, Pending=10, Running=0, Completed=4, Failed=0
2025-11-30 21:12:46,973 - PID:1582733 - INFO - === Queue Status ===
2025-11-30 21:12:46,973 - PID:1582733 - INFO - Queue 1: 🟢 IDLE, Pending=1, Running=0, Completed=4, Failed=0
2025-11-30 21:12:46,973 - PID:1582733 - INFO - Queue 2: 🟢 IDLE, Pending=2, Running=0, Completed=0, Failed=0
2025-11-30 21:12:46,973 - PID:1582733 - INFO - Queue 3: 🟢 IDLE, Pending=2, Running=0, Completed=0, Failed=0
2025-11-30 21:12:46,973 - PID:1582733 - INFO - Queue 4: 🟢 IDLE, Pending=1, Running=0, Completed=0, Failed=0
2025-11-30 21:12:46,973 - PID:1582733 - INFO - Queue 5: 🟢 IDLE, Pending=3, Running=0, Completed=0, Failed=0
2025-11-30 21:12:46,973 - PID:1582733 - INFO - Queue 6: 🟢 IDLE, Pending=1, Running=0, Completed=0, Failed=0
2025-11-30 21:12:46,973 - PID:1582733 - INFO - === GPU Status ===
2025-11-30 21:12:47,025 - PID:1582733 - INFO - GPU 0: Available=5.72GB, User Python Processes=0, Running Tasks=0
2025-11-30 21:12:47,079 - PID:1582733 - INFO - GPU 1: Available=4.67GB, User Python Processes=0, Running Tasks=0
2025-11-30 21:12:47,138 - PID:1582733 - INFO - GPU 2: Available=4.38GB, User Python Processes=0, Running Tasks=0
2025-11-30 21:12:47,190 - PID:1582733 - INFO - GPU 3: Available=16.36GB, User Python Processes=1, Running Tasks=0
2025-11-30 21:12:47,190 - PID:1582733 - INFO -   User Python PIDs: [1427990]
2025-11-30 21:12:47,242 - PID:1582733 - INFO - GPU 4: Available=24.37GB, User Python Processes=0, Running Tasks=0
2025-11-30 21:12:47,299 - PID:1582733 - INFO - GPU 5: Available=4.16GB, User Python Processes=0, Running Tasks=0
2025-11-30 21:12:47,352 - PID:1582733 - INFO - GPU 6: Available=0.74GB, User Python Processes=4, Running Tasks=0
2025-11-30 21:12:47,352 - PID:1582733 - INFO -   User Python PIDs: [1582953, 1584381, 1585943, 1587671]
2025-11-30 21:12:47,403 - PID:1582733 - INFO - GPU 7: Available=28.10GB, User Python Processes=0, Running Tasks=0
2025-11-30 21:12:47,451 - PID:1582733 - INFO - GPU 8: Available=24.89GB, User Python Processes=0, Running Tasks=0
2025-11-30 21:12:47,544 - PID:1582733 - INFO - GPU 9: Available=13.00GB, User Python Processes=0, Running Tasks=0
2025-11-30 21:12:57,544 - PID:1582733 - INFO - === Task Status ===
2025-11-30 21:12:57,544 - PID:1582733 - INFO - Total Tasks: 14, Pending=10, Running=0, Completed=4, Failed=0
2025-11-30 21:12:57,544 - PID:1582733 - INFO - === Queue Status ===
2025-11-30 21:12:57,544 - PID:1582733 - INFO - Queue 1: 🟢 IDLE, Pending=1, Running=0, Completed=4, Failed=0
2025-11-30 21:12:57,545 - PID:1582733 - INFO - Queue 2: 🟢 IDLE, Pending=2, Running=0, Completed=0, Failed=0
2025-11-30 21:12:57,545 - PID:1582733 - INFO - Queue 3: 🟢 IDLE, Pending=2, Running=0, Completed=0, Failed=0
2025-11-30 21:12:57,545 - PID:1582733 - INFO - Queue 4: 🟢 IDLE, Pending=1, Running=0, Completed=0, Failed=0
2025-11-30 21:12:57,545 - PID:1582733 - INFO - Queue 5: 🟢 IDLE, Pending=3, Running=0, Completed=0, Failed=0
2025-11-30 21:12:57,545 - PID:1582733 - INFO - Queue 6: 🟢 IDLE, Pending=1, Running=0, Completed=0, Failed=0
2025-11-30 21:12:57,545 - PID:1582733 - INFO - === GPU Status ===
2025-11-30 21:12:57,600 - PID:1582733 - INFO - GPU 0: Available=5.72GB, User Python Processes=0, Running Tasks=0
2025-11-30 21:12:57,656 - PID:1582733 - INFO - GPU 1: Available=4.67GB, User Python Processes=0, Running Tasks=0
2025-11-30 21:12:57,712 - PID:1582733 - INFO - GPU 2: Available=4.38GB, User Python Processes=0, Running Tasks=0
2025-11-30 21:12:57,769 - PID:1582733 - INFO - GPU 3: Available=16.47GB, User Python Processes=1, Running Tasks=0
2025-11-30 21:12:57,769 - PID:1582733 - INFO -   User Python PIDs: [1427990]
2025-11-30 21:12:57,820 - PID:1582733 - INFO - GPU 4: Available=24.37GB, User Python Processes=0, Running Tasks=0
2025-11-30 21:12:57,988 - PID:1582733 - INFO - GPU 5: Available=4.16GB, User Python Processes=0, Running Tasks=0
2025-11-30 21:12:58,042 - PID:1582733 - INFO - GPU 6: Available=1.10GB, User Python Processes=4, Running Tasks=0
2025-11-30 21:12:58,043 - PID:1582733 - INFO -   User Python PIDs: [1582953, 1584381, 1585943, 1587671]
2025-11-30 21:12:58,095 - PID:1582733 - INFO - GPU 7: Available=28.10GB, User Python Processes=0, Running Tasks=0
2025-11-30 21:12:58,146 - PID:1582733 - INFO - GPU 8: Available=24.89GB, User Python Processes=0, Running Tasks=0
2025-11-30 21:12:58,200 - PID:1582733 - INFO - GPU 9: Available=13.00GB, User Python Processes=0, Running Tasks=0
2025-11-30 21:13:08,200 - PID:1582733 - INFO - === Task Status ===
2025-11-30 21:13:08,201 - PID:1582733 - INFO - Total Tasks: 14, Pending=10, Running=0, Completed=4, Failed=0
2025-11-30 21:13:08,201 - PID:1582733 - INFO - === Queue Status ===
2025-11-30 21:13:08,201 - PID:1582733 - INFO - Queue 1: 🟢 IDLE, Pending=1, Running=0, Completed=4, Failed=0
2025-11-30 21:13:08,201 - PID:1582733 - INFO - Queue 2: 🟢 IDLE, Pending=2, Running=0, Completed=0, Failed=0
2025-11-30 21:13:08,201 - PID:1582733 - INFO - Queue 3: 🟢 IDLE, Pending=2, Running=0, Completed=0, Failed=0
2025-11-30 21:13:08,201 - PID:1582733 - INFO - Queue 4: 🟢 IDLE, Pending=1, Running=0, Completed=0, Failed=0
2025-11-30 21:13:08,201 - PID:1582733 - INFO - Queue 5: 🟢 IDLE, Pending=3, Running=0, Completed=0, Failed=0
2025-11-30 21:13:08,201 - PID:1582733 - INFO - Queue 6: 🟢 IDLE, Pending=1, Running=0, Completed=0, Failed=0
2025-11-30 21:13:08,201 - PID:1582733 - INFO - === GPU Status ===
2025-11-30 21:13:08,289 - PID:1582733 - INFO - GPU 0: Available=5.72GB, User Python Processes=0, Running Tasks=0
2025-11-30 21:13:08,345 - PID:1582733 - INFO - GPU 1: Available=4.67GB, User Python Processes=0, Running Tasks=0
2025-11-30 21:13:08,402 - PID:1582733 - INFO - GPU 2: Available=4.38GB, User Python Processes=0, Running Tasks=0
2025-11-30 21:13:08,451 - PID:1582733 - INFO - GPU 3: Available=16.47GB, User Python Processes=1, Running Tasks=0
2025-11-30 21:13:08,451 - PID:1582733 - INFO -   User Python PIDs: [1427990]
2025-11-30 21:13:08,499 - PID:1582733 - INFO - GPU 4: Available=24.37GB, User Python Processes=0, Running Tasks=0
2025-11-30 21:13:08,554 - PID:1582733 - INFO - GPU 5: Available=4.16GB, User Python Processes=0, Running Tasks=0
2025-11-30 21:13:08,605 - PID:1582733 - INFO - GPU 6: Available=1.22GB, User Python Processes=3, Running Tasks=0
2025-11-30 21:13:08,605 - PID:1582733 - INFO -   User Python PIDs: [1582953, 1584381, 1585943]
2025-11-30 21:13:08,656 - PID:1582733 - INFO - GPU 7: Available=28.10GB, User Python Processes=0, Running Tasks=0
2025-11-30 21:13:08,706 - PID:1582733 - INFO - GPU 8: Available=24.89GB, User Python Processes=0, Running Tasks=0
2025-11-30 21:13:08,752 - PID:1582733 - INFO - GPU 9: Available=13.00GB, User Python Processes=0, Running Tasks=0
2025-11-30 21:13:18,753 - PID:1582733 - INFO - === Task Status ===
2025-11-30 21:13:18,753 - PID:1582733 - INFO - Total Tasks: 14, Pending=10, Running=0, Completed=4, Failed=0
2025-11-30 21:13:18,753 - PID:1582733 - INFO - === Queue Status ===
2025-11-30 21:13:18,753 - PID:1582733 - INFO - Queue 1: 🟢 IDLE, Pending=1, Running=0, Completed=4, Failed=0
2025-11-30 21:13:18,753 - PID:1582733 - INFO - Queue 2: 🟢 IDLE, Pending=2, Running=0, Completed=0, Failed=0
2025-11-30 21:13:18,753 - PID:1582733 - INFO - Queue 3: 🟢 IDLE, Pending=2, Running=0, Completed=0, Failed=0
2025-11-30 21:13:18,753 - PID:1582733 - INFO - Queue 4: 🟢 IDLE, Pending=1, Running=0, Completed=0, Failed=0
2025-11-30 21:13:18,754 - PID:1582733 - INFO - Queue 5: 🟢 IDLE, Pending=3, Running=0, Completed=0, Failed=0
2025-11-30 21:13:18,754 - PID:1582733 - INFO - Queue 6: 🟢 IDLE, Pending=1, Running=0, Completed=0, Failed=0
2025-11-30 21:13:18,754 - PID:1582733 - INFO - === GPU Status ===
2025-11-30 21:13:18,807 - PID:1582733 - INFO - GPU 0: Available=5.72GB, User Python Processes=0, Running Tasks=0
2025-11-30 21:13:18,862 - PID:1582733 - INFO - GPU 1: Available=4.67GB, User Python Processes=0, Running Tasks=0
2025-11-30 21:13:18,920 - PID:1582733 - INFO - GPU 2: Available=4.38GB, User Python Processes=0, Running Tasks=0
2025-11-30 21:13:18,970 - PID:1582733 - INFO - GPU 3: Available=18.10GB, User Python Processes=1, Running Tasks=0
2025-11-30 21:13:18,970 - PID:1582733 - INFO -   User Python PIDs: [1427990]
2025-11-30 21:13:19,019 - PID:1582733 - INFO - GPU 4: Available=24.37GB, User Python Processes=0, Running Tasks=0
2025-11-30 21:13:19,076 - PID:1582733 - INFO - GPU 5: Available=4.16GB, User Python Processes=0, Running Tasks=0
2025-11-30 21:13:19,125 - PID:1582733 - INFO - GPU 6: Available=4.05GB, User Python Processes=1, Running Tasks=0
2025-11-30 21:13:19,126 - PID:1582733 - INFO -   User Python PIDs: [1582953]
2025-11-30 21:13:19,177 - PID:1582733 - INFO - GPU 7: Available=28.10GB, User Python Processes=0, Running Tasks=0
2025-11-30 21:13:19,229 - PID:1582733 - INFO - GPU 8: Available=24.89GB, User Python Processes=0, Running Tasks=0
2025-11-30 21:13:19,281 - PID:1582733 - INFO - GPU 9: Available=13.00GB, User Python Processes=0, Running Tasks=0
2025-11-30 21:13:29,282 - PID:1582733 - INFO - === Task Status ===
2025-11-30 21:13:29,282 - PID:1582733 - INFO - Total Tasks: 14, Pending=10, Running=0, Completed=4, Failed=0
2025-11-30 21:13:29,282 - PID:1582733 - INFO - === Queue Status ===
2025-11-30 21:13:29,282 - PID:1582733 - INFO - Queue 1: 🟢 IDLE, Pending=1, Running=0, Completed=4, Failed=0
2025-11-30 21:13:29,282 - PID:1582733 - INFO - Queue 2: 🟢 IDLE, Pending=2, Running=0, Completed=0, Failed=0
2025-11-30 21:13:29,282 - PID:1582733 - INFO - Queue 3: 🟢 IDLE, Pending=2, Running=0, Completed=0, Failed=0
2025-11-30 21:13:29,282 - PID:1582733 - INFO - Queue 4: 🟢 IDLE, Pending=1, Running=0, Completed=0, Failed=0
2025-11-30 21:13:29,282 - PID:1582733 - INFO - Queue 5: 🟢 IDLE, Pending=3, Running=0, Completed=0, Failed=0
2025-11-30 21:13:29,283 - PID:1582733 - INFO - Queue 6: 🟢 IDLE, Pending=1, Running=0, Completed=0, Failed=0
2025-11-30 21:13:29,283 - PID:1582733 - INFO - === GPU Status ===
2025-11-30 21:13:29,336 - PID:1582733 - INFO - GPU 0: Available=5.72GB, User Python Processes=0, Running Tasks=0
2025-11-30 21:13:29,389 - PID:1582733 - INFO - GPU 1: Available=4.67GB, User Python Processes=0, Running Tasks=0
2025-11-30 21:13:29,447 - PID:1582733 - INFO - GPU 2: Available=4.38GB, User Python Processes=0, Running Tasks=0
2025-11-30 21:13:29,505 - PID:1582733 - INFO - GPU 3: Available=11.88GB, User Python Processes=1, Running Tasks=0
2025-11-30 21:13:29,505 - PID:1582733 - INFO -   User Python PIDs: [1427990]
2025-11-30 21:13:29,552 - PID:1582733 - INFO - GPU 4: Available=24.37GB, User Python Processes=0, Running Tasks=0
2025-11-30 21:13:29,611 - PID:1582733 - INFO - GPU 5: Available=4.16GB, User Python Processes=0, Running Tasks=0
2025-11-30 21:13:29,663 - PID:1582733 - INFO - GPU 6: Available=4.29GB, User Python Processes=1, Running Tasks=0
2025-11-30 21:13:29,663 - PID:1582733 - INFO -   User Python PIDs: [1582953]
2025-11-30 21:13:29,713 - PID:1582733 - INFO - GPU 7: Available=28.10GB, User Python Processes=0, Running Tasks=0
2025-11-30 21:13:29,763 - PID:1582733 - INFO - GPU 8: Available=24.89GB, User Python Processes=0, Running Tasks=0
2025-11-30 21:13:29,815 - PID:1582733 - INFO - GPU 9: Available=13.00GB, User Python Processes=0, Running Tasks=0
2025-11-30 21:13:33,155 - PID:1582733 - INFO - GPU 0: Insufficient memory. Available: 5.72GB, Required: 20.00GB
2025-11-30 21:13:33,183 - PID:1582733 - INFO - GPU 1: Insufficient memory. Available: 4.67GB, Required: 20.00GB
2025-11-30 21:13:33,210 - PID:1582733 - INFO - GPU 2: Insufficient memory. Available: 4.38GB, Required: 20.00GB
2025-11-30 21:13:33,234 - PID:1582733 - INFO - GPU 3: Insufficient memory. Available: 11.88GB, Required: 20.00GB
2025-11-30 21:13:33,282 - PID:1582733 - INFO - GPU 4: Available for task compete_313387. Memory: 24.37GB
2025-11-30 21:13:33,283 - PID:1582733 - INFO - 🚀 Starting queue 1 task compete_313387 on GPU 4
2025-11-30 21:13:33,283 - PID:1582733 - INFO - Starting task on GPU 4: rm -rf {work_dir}/experiments/car196/knowledge_base -> bash {work_dir}/scripts/set_hyperparameters.sh --experience_number 50 -> CUDA_VISIBLE_DEVICES={available_gpu} bash {work_dir}/scripts/run_pipeline.sh car --uni_id {uni_id}
2025-11-30 21:13:33,283 - PID:1582733 - INFO - 📈 Started 1 tasks: ['Queue 1']
2025-11-30 21:13:33,283 - PID:1582733 - INFO - Executing command 1/3 on GPU 4: rm -rf /home/hdl/project/fgvr_test_new/experiments/car196/knowledge_base
2025-11-30 21:13:33,287 - PID:1582733 - INFO - Command 1/3 completed successfully
2025-11-30 21:13:33,287 - PID:1582733 - INFO - Executing command 2/3 on GPU 4: bash /home/hdl/project/fgvr_test_new/scripts/set_hyperparameters.sh --experience_number 50
2025-11-30 21:13:33,298 - PID:1582733 - INFO - [compete_313387] === 超参数设置脚本 ===
2025-11-30 21:13:33,298 - PID:1582733 - INFO - [compete_313387] 项目根目录: /home/hdl/project/fgvr_test_new
2025-11-30 21:13:33,298 - PID:1582733 - INFO - [compete_313387] 超参数文件: /home/hdl/project/fgvr_test_new/configs/hyperparameters.yaml
2025-11-30 21:13:33,298 - PID:1582733 - INFO - [compete_313387] 
2025-11-30 21:13:33,298 - PID:1582733 - INFO - [compete_313387] 使用命令行指定的经验条数: 50
2025-11-30 21:13:33,298 - PID:1582733 - INFO - [compete_313387] 
2025-11-30 21:13:33,298 - PID:1582733 - INFO - [compete_313387] 正在更新超参数文件: /home/hdl/project/fgvr_test_new/configs/hyperparameters.yaml
2025-11-30 21:13:33,355 - PID:1582733 - INFO - [compete_313387] ✅ 超参数更新成功: experience_base_max_number = 50
2025-11-30 21:13:33,356 - PID:1582733 - INFO - [compete_313387] 
2025-11-30 21:13:33,356 - PID:1582733 - INFO - [compete_313387] === 超参数设置完成 ===
2025-11-30 21:13:33,356 - PID:1582733 - INFO - Command 2/3 completed successfully
2025-11-30 21:13:33,356 - PID:1582733 - INFO - Executing command 3/3 on GPU 4: CUDA_VISIBLE_DEVICES=4 bash /home/hdl/project/fgvr_test_new/scripts/run_pipeline.sh car --uni_id compete_313387
2025-11-30 21:13:33,357 - PID:1582733 - INFO - 🔄 Bash script with uni_id compete_313387 will handle its own PID registration
2025-11-30 21:13:33,424 - PID:1582733 - INFO - [compete_313387] [0;32m[SUCCESS][0m Pipeline 已启动 (完全后台), PID=1589114
2025-11-30 21:13:33,425 - PID:1582733 - INFO - [compete_313387] [0;34m[INFO][0m 日志文件: /home/hdl/project/fgvr_test_new/logs/pipeline/car196/pipeline_car(5).log
2025-11-30 21:13:33,425 - PID:1582733 - INFO - [compete_313387] 实时查看日志: tail -f '/home/hdl/project/fgvr_test_new/logs/pipeline/car196/pipeline_car(5).log'
2025-11-30 21:13:33,425 - PID:1582733 - INFO - Command 3/3 completed successfully
2025-11-30 21:13:33,425 - PID:1582733 - INFO - Task completed on GPU 4: rm -rf {work_dir}/experiments/car196/knowledge_base -> bash {work_dir}/scripts/set_hyperparameters.sh --experience_number 50 -> CUDA_VISIBLE_DEVICES={available_gpu} bash {work_dir}/scripts/run_pipeline.sh car --uni_id {uni_id}
2025-11-30 21:13:39,815 - PID:1582733 - INFO - === Task Status ===
2025-11-30 21:13:39,815 - PID:1582733 - INFO - Total Tasks: 14, Pending=9, Running=0, Completed=5, Failed=0
2025-11-30 21:13:39,816 - PID:1582733 - INFO - === Queue Status ===
2025-11-30 21:13:39,816 - PID:1582733 - INFO - Queue 1: 🟢 IDLE, Pending=0, Running=0, Completed=5, Failed=0
2025-11-30 21:13:39,816 - PID:1582733 - INFO - Queue 2: 🟢 IDLE, Pending=2, Running=0, Completed=0, Failed=0
2025-11-30 21:13:39,816 - PID:1582733 - INFO - Queue 3: 🟢 IDLE, Pending=2, Running=0, Completed=0, Failed=0
2025-11-30 21:13:39,816 - PID:1582733 - INFO - Queue 4: 🟢 IDLE, Pending=1, Running=0, Completed=0, Failed=0
2025-11-30 21:13:39,816 - PID:1582733 - INFO - Queue 5: 🟢 IDLE, Pending=3, Running=0, Completed=0, Failed=0
2025-11-30 21:13:39,816 - PID:1582733 - INFO - Queue 6: 🟢 IDLE, Pending=1, Running=0, Completed=0, Failed=0
2025-11-30 21:13:39,816 - PID:1582733 - INFO - === GPU Status ===
2025-11-30 21:13:39,871 - PID:1582733 - INFO - GPU 0: Available=5.72GB, User Python Processes=0, Running Tasks=0
2025-11-30 21:13:39,928 - PID:1582733 - INFO - GPU 1: Available=4.67GB, User Python Processes=0, Running Tasks=0
2025-11-30 21:13:39,985 - PID:1582733 - INFO - GPU 2: Available=4.38GB, User Python Processes=0, Running Tasks=0
2025-11-30 21:13:40,070 - PID:1582733 - INFO - GPU 3: Available=11.88GB, User Python Processes=1, Running Tasks=0
2025-11-30 21:13:40,070 - PID:1582733 - INFO -   User Python PIDs: [1427990]
2025-11-30 21:13:40,167 - PID:1582733 - INFO - GPU 4: Available=24.37GB, User Python Processes=0, Running Tasks=0
2025-11-30 21:13:40,223 - PID:1582733 - INFO - GPU 5: Available=4.16GB, User Python Processes=0, Running Tasks=0
2025-11-30 21:13:40,275 - PID:1582733 - INFO - GPU 6: Available=2.98GB, User Python Processes=2, Running Tasks=0
2025-11-30 21:13:40,275 - PID:1582733 - INFO -   User Python PIDs: [1582953, 1589148]
2025-11-30 21:13:40,334 - PID:1582733 - INFO - GPU 7: Available=28.10GB, User Python Processes=0, Running Tasks=0
2025-11-30 21:13:40,388 - PID:1582733 - INFO - GPU 8: Available=24.89GB, User Python Processes=0, Running Tasks=0
2025-11-30 21:13:40,441 - PID:1582733 - INFO - GPU 9: Available=13.00GB, User Python Processes=0, Running Tasks=0
2025-11-30 21:13:50,442 - PID:1582733 - INFO - === Task Status ===
2025-11-30 21:13:50,442 - PID:1582733 - INFO - Total Tasks: 14, Pending=9, Running=0, Completed=5, Failed=0
2025-11-30 21:13:50,442 - PID:1582733 - INFO - === Queue Status ===
2025-11-30 21:13:50,442 - PID:1582733 - INFO - Queue 1: 🟢 IDLE, Pending=0, Running=0, Completed=5, Failed=0
2025-11-30 21:13:50,442 - PID:1582733 - INFO - Queue 2: 🟢 IDLE, Pending=2, Running=0, Completed=0, Failed=0
2025-11-30 21:13:50,442 - PID:1582733 - INFO - Queue 3: 🟢 IDLE, Pending=2, Running=0, Completed=0, Failed=0
2025-11-30 21:13:50,442 - PID:1582733 - INFO - Queue 4: 🟢 IDLE, Pending=1, Running=0, Completed=0, Failed=0
2025-11-30 21:13:50,442 - PID:1582733 - INFO - Queue 5: 🟢 IDLE, Pending=3, Running=0, Completed=0, Failed=0
2025-11-30 21:13:50,442 - PID:1582733 - INFO - Queue 6: 🟢 IDLE, Pending=1, Running=0, Completed=0, Failed=0
2025-11-30 21:13:50,442 - PID:1582733 - INFO - === GPU Status ===
2025-11-30 21:13:50,492 - PID:1582733 - INFO - GPU 0: Available=5.72GB, User Python Processes=0, Running Tasks=0
2025-11-30 21:13:50,546 - PID:1582733 - INFO - GPU 1: Available=4.67GB, User Python Processes=0, Running Tasks=0
2025-11-30 21:13:50,600 - PID:1582733 - INFO - GPU 2: Available=4.38GB, User Python Processes=0, Running Tasks=0
2025-11-30 21:13:50,648 - PID:1582733 - INFO - GPU 3: Available=9.27GB, User Python Processes=1, Running Tasks=0
2025-11-30 21:13:50,649 - PID:1582733 - INFO -   User Python PIDs: [1427990]
2025-11-30 21:13:50,696 - PID:1582733 - INFO - GPU 4: Available=24.37GB, User Python Processes=0, Running Tasks=0
2025-11-30 21:13:50,751 - PID:1582733 - INFO - GPU 5: Available=4.16GB, User Python Processes=0, Running Tasks=0
2025-11-30 21:13:50,801 - PID:1582733 - INFO - GPU 6: Available=0.96GB, User Python Processes=2, Running Tasks=0
2025-11-30 21:13:50,802 - PID:1582733 - INFO -   User Python PIDs: [1582953, 1589148]
2025-11-30 21:13:50,856 - PID:1582733 - INFO - GPU 7: Available=28.10GB, User Python Processes=0, Running Tasks=0
2025-11-30 21:13:50,907 - PID:1582733 - INFO - GPU 8: Available=24.89GB, User Python Processes=0, Running Tasks=0
2025-11-30 21:13:50,974 - PID:1582733 - INFO - GPU 9: Available=13.00GB, User Python Processes=0, Running Tasks=0
2025-11-30 21:14:00,974 - PID:1582733 - INFO - === Task Status ===
2025-11-30 21:14:00,975 - PID:1582733 - INFO - Total Tasks: 14, Pending=9, Running=0, Completed=5, Failed=0
2025-11-30 21:14:00,975 - PID:1582733 - INFO - === Queue Status ===
2025-11-30 21:14:00,975 - PID:1582733 - INFO - Queue 1: 🟢 IDLE, Pending=0, Running=0, Completed=5, Failed=0
2025-11-30 21:14:00,975 - PID:1582733 - INFO - Queue 2: 🟢 IDLE, Pending=2, Running=0, Completed=0, Failed=0
2025-11-30 21:14:00,975 - PID:1582733 - INFO - Queue 3: 🟢 IDLE, Pending=2, Running=0, Completed=0, Failed=0
2025-11-30 21:14:00,975 - PID:1582733 - INFO - Queue 4: 🟢 IDLE, Pending=1, Running=0, Completed=0, Failed=0
2025-11-30 21:14:00,976 - PID:1582733 - INFO - Queue 5: 🟢 IDLE, Pending=3, Running=0, Completed=0, Failed=0
2025-11-30 21:14:00,976 - PID:1582733 - INFO - Queue 6: 🟢 IDLE, Pending=1, Running=0, Completed=0, Failed=0
2025-11-30 21:14:00,976 - PID:1582733 - INFO - === GPU Status ===
2025-11-30 21:14:01,032 - PID:1582733 - INFO - GPU 0: Available=5.72GB, User Python Processes=0, Running Tasks=0
2025-11-30 21:14:01,082 - PID:1582733 - INFO - GPU 1: Available=4.67GB, User Python Processes=0, Running Tasks=0
2025-11-30 21:14:01,141 - PID:1582733 - INFO - GPU 2: Available=4.38GB, User Python Processes=0, Running Tasks=0
2025-11-30 21:14:01,216 - PID:1582733 - INFO - GPU 3: Available=7.37GB, User Python Processes=1, Running Tasks=0
2025-11-30 21:14:01,216 - PID:1582733 - INFO -   User Python PIDs: [1427990]
2025-11-30 21:14:01,266 - PID:1582733 - INFO - GPU 4: Available=24.37GB, User Python Processes=0, Running Tasks=0
2025-11-30 21:14:01,323 - PID:1582733 - INFO - GPU 5: Available=4.16GB, User Python Processes=0, Running Tasks=0
2025-11-30 21:14:01,377 - PID:1582733 - INFO - GPU 6: Available=2.11GB, User Python Processes=1, Running Tasks=0
2025-11-30 21:14:01,378 - PID:1582733 - INFO -   User Python PIDs: [1582953]
2025-11-30 21:14:01,430 - PID:1582733 - INFO - GPU 7: Available=28.10GB, User Python Processes=0, Running Tasks=0
2025-11-30 21:14:01,480 - PID:1582733 - INFO - GPU 8: Available=24.89GB, User Python Processes=0, Running Tasks=0
2025-11-30 21:14:01,531 - PID:1582733 - INFO - GPU 9: Available=13.00GB, User Python Processes=0, Running Tasks=0
2025-11-30 21:14:11,532 - PID:1582733 - INFO - === Task Status ===
2025-11-30 21:14:11,532 - PID:1582733 - INFO - Total Tasks: 14, Pending=9, Running=0, Completed=5, Failed=0
2025-11-30 21:14:11,532 - PID:1582733 - INFO - === Queue Status ===
2025-11-30 21:14:11,532 - PID:1582733 - INFO - Queue 1: 🟢 IDLE, Pending=0, Running=0, Completed=5, Failed=0
2025-11-30 21:14:11,532 - PID:1582733 - INFO - Queue 2: 🟢 IDLE, Pending=2, Running=0, Completed=0, Failed=0
2025-11-30 21:14:11,532 - PID:1582733 - INFO - Queue 3: 🟢 IDLE, Pending=2, Running=0, Completed=0, Failed=0
2025-11-30 21:14:11,532 - PID:1582733 - INFO - Queue 4: 🟢 IDLE, Pending=1, Running=0, Completed=0, Failed=0
2025-11-30 21:14:11,532 - PID:1582733 - INFO - Queue 5: 🟢 IDLE, Pending=3, Running=0, Completed=0, Failed=0
2025-11-30 21:14:11,532 - PID:1582733 - INFO - Queue 6: 🟢 IDLE, Pending=1, Running=0, Completed=0, Failed=0
2025-11-30 21:14:11,532 - PID:1582733 - INFO - === GPU Status ===
2025-11-30 21:14:11,583 - PID:1582733 - INFO - GPU 0: Available=5.72GB, User Python Processes=0, Running Tasks=0
2025-11-30 21:14:11,640 - PID:1582733 - INFO - GPU 1: Available=4.67GB, User Python Processes=0, Running Tasks=0
2025-11-30 21:14:11,696 - PID:1582733 - INFO - GPU 2: Available=4.38GB, User Python Processes=0, Running Tasks=0
2025-11-30 21:14:11,754 - PID:1582733 - INFO - GPU 3: Available=7.37GB, User Python Processes=1, Running Tasks=0
2025-11-30 21:14:11,754 - PID:1582733 - INFO -   User Python PIDs: [1427990]
2025-11-30 21:14:11,804 - PID:1582733 - INFO - GPU 4: Available=24.37GB, User Python Processes=0, Running Tasks=0
2025-11-30 21:14:11,898 - PID:1582733 - INFO - GPU 5: Available=4.16GB, User Python Processes=0, Running Tasks=0
2025-11-30 21:14:11,964 - PID:1582733 - INFO - GPU 6: Available=2.96GB, User Python Processes=1, Running Tasks=0
2025-11-30 21:14:11,964 - PID:1582733 - INFO -   User Python PIDs: [1582953]
2025-11-30 21:14:12,015 - PID:1582733 - INFO - GPU 7: Available=28.10GB, User Python Processes=0, Running Tasks=0
2025-11-30 21:14:12,069 - PID:1582733 - INFO - GPU 8: Available=24.89GB, User Python Processes=0, Running Tasks=0
2025-11-30 21:14:12,119 - PID:1582733 - INFO - GPU 9: Available=13.00GB, User Python Processes=0, Running Tasks=0
2025-11-30 21:14:22,119 - PID:1582733 - INFO - === Task Status ===
2025-11-30 21:14:22,119 - PID:1582733 - INFO - Total Tasks: 14, Pending=9, Running=0, Completed=5, Failed=0
2025-11-30 21:14:22,119 - PID:1582733 - INFO - === Queue Status ===
2025-11-30 21:14:22,119 - PID:1582733 - INFO - Queue 1: 🟢 IDLE, Pending=0, Running=0, Completed=5, Failed=0
2025-11-30 21:14:22,119 - PID:1582733 - INFO - Queue 2: 🟢 IDLE, Pending=2, Running=0, Completed=0, Failed=0
2025-11-30 21:14:22,120 - PID:1582733 - INFO - Queue 3: 🟢 IDLE, Pending=2, Running=0, Completed=0, Failed=0
2025-11-30 21:14:22,120 - PID:1582733 - INFO - Queue 4: 🟢 IDLE, Pending=1, Running=0, Completed=0, Failed=0
2025-11-30 21:14:22,120 - PID:1582733 - INFO - Queue 5: 🟢 IDLE, Pending=3, Running=0, Completed=0, Failed=0
2025-11-30 21:14:22,120 - PID:1582733 - INFO - Queue 6: 🟢 IDLE, Pending=1, Running=0, Completed=0, Failed=0
2025-11-30 21:14:22,120 - PID:1582733 - INFO - === GPU Status ===
2025-11-30 21:14:22,173 - PID:1582733 - INFO - GPU 0: Available=5.72GB, User Python Processes=0, Running Tasks=0
2025-11-30 21:14:22,228 - PID:1582733 - INFO - GPU 1: Available=4.67GB, User Python Processes=0, Running Tasks=0
2025-11-30 21:14:22,283 - PID:1582733 - INFO - GPU 2: Available=4.38GB, User Python Processes=0, Running Tasks=0
2025-11-30 21:14:22,334 - PID:1582733 - INFO - GPU 3: Available=7.37GB, User Python Processes=1, Running Tasks=0
2025-11-30 21:14:22,334 - PID:1582733 - INFO -   User Python PIDs: [1427990]
2025-11-30 21:14:22,384 - PID:1582733 - INFO - GPU 4: Available=24.37GB, User Python Processes=0, Running Tasks=0
2025-11-30 21:14:22,446 - PID:1582733 - INFO - GPU 5: Available=4.16GB, User Python Processes=0, Running Tasks=0
2025-11-30 21:14:22,498 - PID:1582733 - INFO - GPU 6: Available=2.96GB, User Python Processes=1, Running Tasks=0
2025-11-30 21:14:22,498 - PID:1582733 - INFO -   User Python PIDs: [1582953]
2025-11-30 21:14:22,551 - PID:1582733 - INFO - GPU 7: Available=28.10GB, User Python Processes=0, Running Tasks=0
2025-11-30 21:14:22,603 - PID:1582733 - INFO - GPU 8: Available=24.89GB, User Python Processes=0, Running Tasks=0
2025-11-30 21:14:22,652 - PID:1582733 - INFO - GPU 9: Available=13.00GB, User Python Processes=0, Running Tasks=0
2025-11-30 21:14:32,652 - PID:1582733 - INFO - === Task Status ===
2025-11-30 21:14:32,652 - PID:1582733 - INFO - Total Tasks: 14, Pending=9, Running=0, Completed=5, Failed=0
2025-11-30 21:14:32,653 - PID:1582733 - INFO - === Queue Status ===
2025-11-30 21:14:32,653 - PID:1582733 - INFO - Queue 1: 🟢 IDLE, Pending=0, Running=0, Completed=5, Failed=0
2025-11-30 21:14:32,653 - PID:1582733 - INFO - Queue 2: 🟢 IDLE, Pending=2, Running=0, Completed=0, Failed=0
2025-11-30 21:14:32,653 - PID:1582733 - INFO - Queue 3: 🟢 IDLE, Pending=2, Running=0, Completed=0, Failed=0
2025-11-30 21:14:32,653 - PID:1582733 - INFO - Queue 4: 🟢 IDLE, Pending=1, Running=0, Completed=0, Failed=0
2025-11-30 21:14:32,653 - PID:1582733 - INFO - Queue 5: 🟢 IDLE, Pending=3, Running=0, Completed=0, Failed=0
2025-11-30 21:14:32,653 - PID:1582733 - INFO - Queue 6: 🟢 IDLE, Pending=1, Running=0, Completed=0, Failed=0
2025-11-30 21:14:32,653 - PID:1582733 - INFO - === GPU Status ===
2025-11-30 21:14:32,705 - PID:1582733 - INFO - GPU 0: Available=5.72GB, User Python Processes=0, Running Tasks=0
2025-11-30 21:14:32,760 - PID:1582733 - INFO - GPU 1: Available=4.67GB, User Python Processes=0, Running Tasks=0
2025-11-30 21:14:32,815 - PID:1582733 - INFO - GPU 2: Available=4.38GB, User Python Processes=0, Running Tasks=0
2025-11-30 21:14:32,865 - PID:1582733 - INFO - GPU 3: Available=19.69GB, User Python Processes=1, Running Tasks=0
2025-11-30 21:14:32,865 - PID:1582733 - INFO -   User Python PIDs: [1427990]
2025-11-30 21:14:32,915 - PID:1582733 - INFO - GPU 4: Available=24.37GB, User Python Processes=0, Running Tasks=0
2025-11-30 21:14:32,971 - PID:1582733 - INFO - GPU 5: Available=4.16GB, User Python Processes=0, Running Tasks=0
2025-11-30 21:14:33,026 - PID:1582733 - INFO - GPU 6: Available=4.32GB, User Python Processes=1, Running Tasks=0
2025-11-30 21:14:33,026 - PID:1582733 - INFO -   User Python PIDs: [1582953]
2025-11-30 21:14:33,078 - PID:1582733 - INFO - GPU 7: Available=28.10GB, User Python Processes=0, Running Tasks=0
2025-11-30 21:14:33,127 - PID:1582733 - INFO - GPU 8: Available=24.89GB, User Python Processes=0, Running Tasks=0
2025-11-30 21:14:33,178 - PID:1582733 - INFO - GPU 9: Available=13.00GB, User Python Processes=0, Running Tasks=0
2025-11-30 21:14:35,313 - PID:1582733 - INFO - GPU 0: Insufficient memory. Available: 5.72GB, Required: 20.00GB
2025-11-30 21:14:35,340 - PID:1582733 - INFO - GPU 1: Insufficient memory. Available: 4.67GB, Required: 20.00GB
2025-11-30 21:14:35,366 - PID:1582733 - INFO - GPU 2: Insufficient memory. Available: 4.38GB, Required: 20.00GB
2025-11-30 21:14:35,390 - PID:1582733 - INFO - GPU 3: Insufficient memory. Available: 19.69GB, Required: 20.00GB
2025-11-30 21:14:35,442 - PID:1582733 - INFO - GPU 4: Available for task compete_756898. Memory: 24.37GB
2025-11-30 21:14:35,442 - PID:1582733 - INFO - 🚀 Starting queue 2 task compete_756898 on GPU 4
2025-11-30 21:14:35,443 - PID:1582733 - INFO - Starting task on GPU 4: rm -rf {work_dir}/experiments/flower102/knowledge_base -> bash {work_dir}/scripts/set_hyperparameters.sh --experience_number 15 -> CUDA_VISIBLE_DEVICES={available_gpu} bash {work_dir}/scripts/run_pipeline.sh flower --uni_id {uni_id}
2025-11-30 21:14:35,443 - PID:1582733 - INFO - 📈 Started 1 tasks: ['Queue 2']
2025-11-30 21:14:35,443 - PID:1582733 - INFO - Executing command 1/3 on GPU 4: rm -rf /home/hdl/project/fgvr_test_new/experiments/flower102/knowledge_base
2025-11-30 21:14:35,459 - PID:1582733 - INFO - Command 1/3 completed successfully
2025-11-30 21:14:35,460 - PID:1582733 - INFO - Executing command 2/3 on GPU 4: bash /home/hdl/project/fgvr_test_new/scripts/set_hyperparameters.sh --experience_number 15
2025-11-30 21:14:35,471 - PID:1582733 - INFO - [compete_756898] === 超参数设置脚本 ===
2025-11-30 21:14:35,472 - PID:1582733 - INFO - [compete_756898] 项目根目录: /home/hdl/project/fgvr_test_new
2025-11-30 21:14:35,472 - PID:1582733 - INFO - [compete_756898] 超参数文件: /home/hdl/project/fgvr_test_new/configs/hyperparameters.yaml
2025-11-30 21:14:35,472 - PID:1582733 - INFO - [compete_756898] 
2025-11-30 21:14:35,472 - PID:1582733 - INFO - [compete_756898] 使用命令行指定的经验条数: 15
2025-11-30 21:14:35,472 - PID:1582733 - INFO - [compete_756898] 
2025-11-30 21:14:35,472 - PID:1582733 - INFO - [compete_756898] 正在更新超参数文件: /home/hdl/project/fgvr_test_new/configs/hyperparameters.yaml
2025-11-30 21:14:35,518 - PID:1582733 - INFO - [compete_756898] ✅ 超参数更新成功: experience_base_max_number = 15
2025-11-30 21:14:35,518 - PID:1582733 - INFO - [compete_756898] 
2025-11-30 21:14:35,518 - PID:1582733 - INFO - [compete_756898] === 超参数设置完成 ===
2025-11-30 21:14:35,519 - PID:1582733 - INFO - Command 2/3 completed successfully
2025-11-30 21:14:35,519 - PID:1582733 - INFO - Executing command 3/3 on GPU 4: CUDA_VISIBLE_DEVICES=4 bash /home/hdl/project/fgvr_test_new/scripts/run_pipeline.sh flower --uni_id compete_756898
2025-11-30 21:14:35,520 - PID:1582733 - INFO - 🔄 Bash script with uni_id compete_756898 will handle its own PID registration
2025-11-30 21:14:35,586 - PID:1582733 - INFO - [compete_756898] [0;32m[SUCCESS][0m Pipeline 已启动 (完全后台), PID=1590581
2025-11-30 21:14:35,587 - PID:1582733 - INFO - [compete_756898] [0;34m[INFO][0m 日志文件: /home/hdl/project/fgvr_test_new/logs/pipeline/flower102/pipeline_flower(1).log
2025-11-30 21:14:35,587 - PID:1582733 - INFO - [compete_756898] 实时查看日志: tail -f '/home/hdl/project/fgvr_test_new/logs/pipeline/flower102/pipeline_flower(1).log'
2025-11-30 21:14:35,587 - PID:1582733 - INFO - Command 3/3 completed successfully
2025-11-30 21:14:35,587 - PID:1582733 - INFO - Task completed on GPU 4: rm -rf {work_dir}/experiments/flower102/knowledge_base -> bash {work_dir}/scripts/set_hyperparameters.sh --experience_number 15 -> CUDA_VISIBLE_DEVICES={available_gpu} bash {work_dir}/scripts/run_pipeline.sh flower --uni_id {uni_id}
2025-11-30 21:14:43,179 - PID:1582733 - INFO - === Task Status ===
2025-11-30 21:14:43,179 - PID:1582733 - INFO - Total Tasks: 14, Pending=8, Running=0, Completed=6, Failed=0
2025-11-30 21:14:43,179 - PID:1582733 - INFO - === Queue Status ===
2025-11-30 21:14:43,179 - PID:1582733 - INFO - Queue 1: 🟢 IDLE, Pending=0, Running=0, Completed=5, Failed=0
2025-11-30 21:14:43,179 - PID:1582733 - INFO - Queue 2: 🟢 IDLE, Pending=1, Running=0, Completed=1, Failed=0
2025-11-30 21:14:43,179 - PID:1582733 - INFO - Queue 3: 🟢 IDLE, Pending=2, Running=0, Completed=0, Failed=0
2025-11-30 21:14:43,180 - PID:1582733 - INFO - Queue 4: 🟢 IDLE, Pending=1, Running=0, Completed=0, Failed=0
2025-11-30 21:14:43,180 - PID:1582733 - INFO - Queue 5: 🟢 IDLE, Pending=3, Running=0, Completed=0, Failed=0
2025-11-30 21:14:43,180 - PID:1582733 - INFO - Queue 6: 🟢 IDLE, Pending=1, Running=0, Completed=0, Failed=0
2025-11-30 21:14:43,180 - PID:1582733 - INFO - === GPU Status ===
2025-11-30 21:14:43,232 - PID:1582733 - INFO - GPU 0: Available=5.72GB, User Python Processes=0, Running Tasks=0
2025-11-30 21:14:43,287 - PID:1582733 - INFO - GPU 1: Available=4.67GB, User Python Processes=0, Running Tasks=0
2025-11-30 21:14:43,342 - PID:1582733 - INFO - GPU 2: Available=4.38GB, User Python Processes=0, Running Tasks=0
2025-11-30 21:14:43,396 - PID:1582733 - INFO - GPU 3: Available=16.02GB, User Python Processes=1, Running Tasks=0
2025-11-30 21:14:43,396 - PID:1582733 - INFO -   User Python PIDs: [1427990]
2025-11-30 21:14:43,447 - PID:1582733 - INFO - GPU 4: Available=24.37GB, User Python Processes=0, Running Tasks=0
2025-11-30 21:14:43,499 - PID:1582733 - INFO - GPU 5: Available=4.16GB, User Python Processes=0, Running Tasks=0
2025-11-30 21:14:43,553 - PID:1582733 - INFO - GPU 6: Available=2.68GB, User Python Processes=2, Running Tasks=0
2025-11-30 21:14:43,553 - PID:1582733 - INFO -   User Python PIDs: [1582953, 1590629]
2025-11-30 21:14:43,619 - PID:1582733 - INFO - GPU 7: Available=28.10GB, User Python Processes=0, Running Tasks=0
2025-11-30 21:14:43,670 - PID:1582733 - INFO - GPU 8: Available=24.89GB, User Python Processes=0, Running Tasks=0
2025-11-30 21:14:43,720 - PID:1582733 - INFO - GPU 9: Available=13.00GB, User Python Processes=0, Running Tasks=0
2025-11-30 21:14:53,721 - PID:1582733 - INFO - === Task Status ===
2025-11-30 21:14:53,721 - PID:1582733 - INFO - Total Tasks: 14, Pending=8, Running=0, Completed=6, Failed=0
2025-11-30 21:14:53,721 - PID:1582733 - INFO - === Queue Status ===
2025-11-30 21:14:53,721 - PID:1582733 - INFO - Queue 1: 🟢 IDLE, Pending=0, Running=0, Completed=5, Failed=0
2025-11-30 21:14:53,721 - PID:1582733 - INFO - Queue 2: 🟢 IDLE, Pending=1, Running=0, Completed=1, Failed=0
2025-11-30 21:14:53,721 - PID:1582733 - INFO - Queue 3: 🟢 IDLE, Pending=2, Running=0, Completed=0, Failed=0
2025-11-30 21:14:53,722 - PID:1582733 - INFO - Queue 4: 🟢 IDLE, Pending=1, Running=0, Completed=0, Failed=0
2025-11-30 21:14:53,722 - PID:1582733 - INFO - Queue 5: 🟢 IDLE, Pending=3, Running=0, Completed=0, Failed=0
2025-11-30 21:14:53,722 - PID:1582733 - INFO - Queue 6: 🟢 IDLE, Pending=1, Running=0, Completed=0, Failed=0
2025-11-30 21:14:53,722 - PID:1582733 - INFO - === GPU Status ===
2025-11-30 21:14:53,773 - PID:1582733 - INFO - GPU 0: Available=5.72GB, User Python Processes=0, Running Tasks=0
2025-11-30 21:14:53,828 - PID:1582733 - INFO - GPU 1: Available=4.67GB, User Python Processes=0, Running Tasks=0
2025-11-30 21:14:53,890 - PID:1582733 - INFO - GPU 2: Available=4.38GB, User Python Processes=0, Running Tasks=0
2025-11-30 21:14:53,945 - PID:1582733 - INFO - GPU 3: Available=16.01GB, User Python Processes=1, Running Tasks=0
2025-11-30 21:14:53,945 - PID:1582733 - INFO -   User Python PIDs: [1427990]
2025-11-30 21:14:53,995 - PID:1582733 - INFO - GPU 4: Available=24.37GB, User Python Processes=0, Running Tasks=0
2025-11-30 21:14:54,049 - PID:1582733 - INFO - GPU 5: Available=4.16GB, User Python Processes=0, Running Tasks=0
2025-11-30 21:14:54,102 - PID:1582733 - INFO - GPU 6: Available=4.17GB, User Python Processes=1, Running Tasks=0
2025-11-30 21:14:54,102 - PID:1582733 - INFO -   User Python PIDs: [1582953]
2025-11-30 21:14:54,157 - PID:1582733 - INFO - GPU 7: Available=28.10GB, User Python Processes=0, Running Tasks=0
2025-11-30 21:14:54,225 - PID:1582733 - INFO - GPU 8: Available=24.89GB, User Python Processes=0, Running Tasks=0
2025-11-30 21:14:54,272 - PID:1582733 - INFO - GPU 9: Available=13.00GB, User Python Processes=0, Running Tasks=0
2025-11-30 21:15:04,273 - PID:1582733 - INFO - === Task Status ===
2025-11-30 21:15:04,273 - PID:1582733 - INFO - Total Tasks: 14, Pending=8, Running=0, Completed=6, Failed=0
2025-11-30 21:15:04,273 - PID:1582733 - INFO - === Queue Status ===
2025-11-30 21:15:04,273 - PID:1582733 - INFO - Queue 1: 🟢 IDLE, Pending=0, Running=0, Completed=5, Failed=0
2025-11-30 21:15:04,273 - PID:1582733 - INFO - Queue 2: 🟢 IDLE, Pending=1, Running=0, Completed=1, Failed=0
2025-11-30 21:15:04,274 - PID:1582733 - INFO - Queue 3: 🟢 IDLE, Pending=2, Running=0, Completed=0, Failed=0
2025-11-30 21:15:04,274 - PID:1582733 - INFO - Queue 4: 🟢 IDLE, Pending=1, Running=0, Completed=0, Failed=0
2025-11-30 21:15:04,274 - PID:1582733 - INFO - Queue 5: 🟢 IDLE, Pending=3, Running=0, Completed=0, Failed=0
2025-11-30 21:15:04,274 - PID:1582733 - INFO - Queue 6: 🟢 IDLE, Pending=1, Running=0, Completed=0, Failed=0
2025-11-30 21:15:04,274 - PID:1582733 - INFO - === GPU Status ===
2025-11-30 21:15:04,325 - PID:1582733 - INFO - GPU 0: Available=5.72GB, User Python Processes=0, Running Tasks=0
2025-11-30 21:15:04,383 - PID:1582733 - INFO - GPU 1: Available=4.67GB, User Python Processes=0, Running Tasks=0
2025-11-30 21:15:04,454 - PID:1582733 - INFO - GPU 2: Available=4.38GB, User Python Processes=0, Running Tasks=0
2025-11-30 21:15:04,509 - PID:1582733 - INFO - GPU 3: Available=3.63GB, User Python Processes=1, Running Tasks=0
2025-11-30 21:15:04,509 - PID:1582733 - INFO -   User Python PIDs: [1427990]
2025-11-30 21:15:04,562 - PID:1582733 - INFO - GPU 4: Available=24.37GB, User Python Processes=0, Running Tasks=0
2025-11-30 21:15:04,619 - PID:1582733 - INFO - GPU 5: Available=4.16GB, User Python Processes=0, Running Tasks=0
2025-11-30 21:15:04,674 - PID:1582733 - INFO - GPU 6: Available=3.74GB, User Python Processes=1, Running Tasks=0
2025-11-30 21:15:04,674 - PID:1582733 - INFO -   User Python PIDs: [1582953]
2025-11-30 21:15:04,725 - PID:1582733 - INFO - GPU 7: Available=28.10GB, User Python Processes=0, Running Tasks=0
2025-11-30 21:15:04,777 - PID:1582733 - INFO - GPU 8: Available=24.89GB, User Python Processes=0, Running Tasks=0
2025-11-30 21:15:04,834 - PID:1582733 - INFO - GPU 9: Available=13.00GB, User Python Processes=0, Running Tasks=0
