2025-11-30 22:07:18,226 - PID:1636953 - INFO - 🚀 GPU Competition Script Started - PID: 1636953
2025-11-30 22:07:18,227 - PID:1636953 - INFO - 📁 Log directory: /home/hdl/project/fgvr_test_new/logs/compete_gpu
2025-11-30 22:07:18,227 - PID:1636953 - INFO - 📄 Log file: /home/hdl/project/fgvr_test_new/logs/compete_gpu/compete_gpu(8).log
2025-11-30 22:07:18,227 - PID:1636953 - INFO - ⚙️  Maximize Resource Utilization: False
2025-11-30 22:07:18,227 - PID:1636953 - INFO - ⏱️  Check interval: 5 seconds
2025-11-30 22:07:18,227 - PID:1636953 - INFO - ⏰ Task wait interval: 60 seconds
2025-11-30 22:07:18,346 - PID:1636953 - INFO - Using all detected GPUs: [0, 1, 2, 3, 4, 5, 6, 7, 8, 9]
2025-11-30 22:07:18,348 - PID:1636953 - INFO - 📋 Task queues setup:
2025-11-30 22:07:18,348 - PID:1636953 - INFO -   Queue 1: 5 tasks
2025-11-30 22:07:18,348 - PID:1636953 - INFO -     Task 1: rm -rf {work_dir}/experiments/car196/knowledge_base -> bash {work_dir}/scripts/set_hyperparameters.sh --experience_number 8 -> CUDA_VISIBLE_DEVICES={available_gpu} bash {work_dir}/scripts/run_pipeline.sh car --uni_id {uni_id}
2025-11-30 22:07:18,348 - PID:1636953 - INFO -     Task 2: rm -rf {work_dir}/experiments/car196/knowledge_base -> bash {work_dir}/scripts/set_hyperparameters.sh --experience_number 5 -> CUDA_VISIBLE_DEVICES={available_gpu} bash {work_dir}/scripts/run_pipeline.sh car --uni_id {uni_id}
2025-11-30 22:07:18,348 - PID:1636953 - INFO -     Task 3: rm -rf {work_dir}/experiments/car196/knowledge_base -> bash {work_dir}/scripts/set_hyperparameters.sh --experience_number 3 -> CUDA_VISIBLE_DEVICES={available_gpu} bash {work_dir}/scripts/run_pipeline.sh car --uni_id {uni_id}
2025-11-30 22:07:18,348 - PID:1636953 - INFO -     Task 4: rm -rf {work_dir}/experiments/car196/knowledge_base -> bash {work_dir}/scripts/set_hyperparameters.sh --experience_number 20 -> CUDA_VISIBLE_DEVICES={available_gpu} bash {work_dir}/scripts/run_pipeline.sh car --uni_id {uni_id}
2025-11-30 22:07:18,348 - PID:1636953 - INFO -     Task 5: rm -rf {work_dir}/experiments/car196/knowledge_base -> bash {work_dir}/scripts/set_hyperparameters.sh --experience_number 50 -> CUDA_VISIBLE_DEVICES={available_gpu} bash {work_dir}/scripts/run_pipeline.sh car --uni_id {uni_id}
2025-11-30 22:07:18,348 - PID:1636953 - INFO -   Queue 2: 2 tasks
2025-11-30 22:07:18,348 - PID:1636953 - INFO -     Task 1: rm -rf {work_dir}/experiments/flower102/knowledge_base -> bash {work_dir}/scripts/set_hyperparameters.sh --experience_number 15 -> CUDA_VISIBLE_DEVICES={available_gpu} bash {work_dir}/scripts/run_pipeline.sh flower --uni_id {uni_id}
2025-11-30 22:07:18,348 - PID:1636953 - INFO -     Task 2: rm -rf {work_dir}/experiments/flower102/knowledge_base -> bash {work_dir}/scripts/set_hyperparameters.sh --experience_number 5 -> CUDA_VISIBLE_DEVICES={available_gpu} bash {work_dir}/scripts/run_pipeline.sh flower --uni_id {uni_id}
2025-11-30 22:07:18,349 - PID:1636953 - INFO -   Queue 3: 2 tasks
2025-11-30 22:07:18,349 - PID:1636953 - INFO -     Task 1: rm -rf {work_dir}/experiments/bird200/knowledge_base -> bash {work_dir}/scripts/set_hyperparameters.sh --experience_number 50 -> CUDA_VISIBLE_DEVICES={available_gpu} bash {work_dir}/scripts/run_pipeline.sh bird --uni_id {uni_id}
2025-11-30 22:07:18,349 - PID:1636953 - INFO -     Task 2: rm -rf {work_dir}/experiments/bird200/knowledge_base -> bash {work_dir}/scripts/set_hyperparameters.sh --experience_number 50 -> CUDA_VISIBLE_DEVICES={available_gpu} bash {work_dir}/scripts/run_pipeline.sh bird --uni_id {uni_id}
2025-11-30 22:07:18,349 - PID:1636953 - INFO -   Queue 4: 1 tasks
2025-11-30 22:07:18,349 - PID:1636953 - INFO -     Task 1: bash {work_dir}/scripts/set_hyperparameters.sh --experience_number 8 -> CUDA_VISIBLE_DEVICES={available_gpu} bash {work_dir}/scripts/run_pipeline.sh imagenet_v2 --uni_id {uni_id}
2025-11-30 22:07:18,349 - PID:1636953 - INFO -   Queue 5: 3 tasks
2025-11-30 22:07:18,349 - PID:1636953 - INFO -     Task 1: rm -rf {work_dir}/experiments/dog120/knowledge_base -> bash {work_dir}/scripts/set_hyperparameters.sh --experience_number 5 -> CUDA_VISIBLE_DEVICES={available_gpu} bash {work_dir}/scripts/run_pipeline.sh dog --uni_id {uni_id}
2025-11-30 22:07:18,349 - PID:1636953 - INFO -     Task 2: rm -rf {work_dir}/experiments/dog120/knowledge_base -> bash {work_dir}/scripts/set_hyperparameters.sh --experience_number 15 -> CUDA_VISIBLE_DEVICES={available_gpu} bash {work_dir}/scripts/run_pipeline.sh dog --uni_id {uni_id}
2025-11-30 22:07:18,349 - PID:1636953 - INFO -     Task 3: rm -rf {work_dir}/experiments/dog120/knowledge_base -> bash {work_dir}/scripts/set_hyperparameters.sh --experience_number 3 -> CUDA_VISIBLE_DEVICES={available_gpu} bash {work_dir}/scripts/run_pipeline.sh dog --uni_id {uni_id}
2025-11-30 22:07:18,349 - PID:1636953 - INFO -   Queue 6: 1 tasks
2025-11-30 22:07:18,349 - PID:1636953 - INFO -     Task 1: bash {work_dir}/scripts/set_hyperparameters.sh --experience_number 8 -> CUDA_VISIBLE_DEVICES={available_gpu} bash {work_dir}/scripts/run_pipeline.sh sun --uni_id {uni_id}
2025-11-30 22:07:18,349 - PID:1636953 - INFO - 📋 Created 6 tasks for dynamic GPU allocation
2025-11-30 22:07:18,349 - PID:1636953 - INFO - Starting GPU competition process
2025-11-30 22:07:18,349 - PID:1636953 - INFO - Available GPUs: [0, 1, 2, 3, 4, 5, 6, 7, 8, 9]
2025-11-30 22:07:18,349 - PID:1636953 - INFO - Check interval: 5 seconds
2025-11-30 22:07:18,349 - PID:1636953 - INFO - Log directory: /home/hdl/project/fgvr_test_new/logs/compete_gpu
2025-11-30 22:07:18,349 - PID:1636953 - INFO - Maximize resource utilization: False
2025-11-30 22:07:18,349 - PID:1636953 - INFO - Total tasks: 14
2025-11-30 22:07:18,349 - PID:1636953 - INFO - === Task Status ===
2025-11-30 22:07:18,350 - PID:1636953 - INFO - Total Tasks: 14, Pending=14, Running(memory)=0, Running(actual)=0, Completed=0, Failed=0
2025-11-30 22:07:18,350 - PID:1636953 - INFO - === Queue Status ===
2025-11-30 22:07:18,350 - PID:1636953 - INFO - Queue 1: 🟢 IDLE, Pending=5, Running=0, Completed=0, Failed=0
2025-11-30 22:07:18,350 - PID:1636953 - INFO - Queue 2: 🟢 IDLE, Pending=2, Running=0, Completed=0, Failed=0
2025-11-30 22:07:18,350 - PID:1636953 - INFO - Queue 3: 🟢 IDLE, Pending=2, Running=0, Completed=0, Failed=0
2025-11-30 22:07:18,350 - PID:1636953 - INFO - Queue 4: 🟢 IDLE, Pending=1, Running=0, Completed=0, Failed=0
2025-11-30 22:07:18,350 - PID:1636953 - INFO - Queue 5: 🟢 IDLE, Pending=3, Running=0, Completed=0, Failed=0
2025-11-30 22:07:18,350 - PID:1636953 - INFO - Queue 6: 🟢 IDLE, Pending=1, Running=0, Completed=0, Failed=0
2025-11-30 22:07:18,350 - PID:1636953 - INFO - === GPU Status ===
2025-11-30 22:07:18,351 - PID:1636953 - WARNING - ⚠️ Could not find task for uni_id compete_583946
2025-11-30 22:07:18,351 - PID:1636953 - WARNING - ⚠️ Could not find task for uni_id compete_889606
2025-11-30 22:07:18,351 - PID:1636953 - WARNING - ⚠️ Could not find task for uni_id compete_909033
2025-11-30 22:07:18,352 - PID:1636953 - WARNING - ⚠️ Could not find task for uni_id compete_626564
2025-11-30 22:07:18,352 - PID:1636953 - WARNING - ⚠️ Could not find task for uni_id compete_121758
2025-11-30 22:07:18,352 - PID:1636953 - WARNING - ⚠️ Could not find task for uni_id compete_998809
2025-11-30 22:07:18,352 - PID:1636953 - WARNING - ⚠️ Could not find task for uni_id compete_527985
2025-11-30 22:07:18,416 - PID:1636953 - INFO - GPU 0: ❌ Available=5.72GB, User Python Processes=0, Running Tasks=0
2025-11-30 22:07:18,470 - PID:1636953 - INFO - GPU 1: ❌ Available=4.67GB, User Python Processes=0, Running Tasks=0
2025-11-30 22:07:18,513 - PID:1636953 - INFO - GPU 4: Available for task compete_922071. Memory: 24.37GB
2025-11-30 22:07:18,513 - PID:1636953 - INFO - 🚀 Starting queue 3 task compete_922071 on GPU 4
2025-11-30 22:07:18,514 - PID:1636953 - INFO - Starting task on GPU 4: rm -rf {work_dir}/experiments/bird200/knowledge_base -> bash {work_dir}/scripts/set_hyperparameters.sh --experience_number 50 -> CUDA_VISIBLE_DEVICES={available_gpu} bash {work_dir}/scripts/run_pipeline.sh bird --uni_id {uni_id}
2025-11-30 22:07:18,514 - PID:1636953 - INFO - Executing command 1/3 on GPU 4: rm -rf /home/hdl/project/fgvr_test_new/experiments/bird200/knowledge_base
2025-11-30 22:07:18,517 - PID:1636953 - INFO - Command 1/3 completed successfully
2025-11-30 22:07:18,517 - PID:1636953 - INFO - Executing command 2/3 on GPU 4: bash /home/hdl/project/fgvr_test_new/scripts/set_hyperparameters.sh --experience_number 50
2025-11-30 22:07:18,527 - PID:1636953 - INFO - GPU 2: ❌ Available=4.38GB, User Python Processes=0, Running Tasks=0
2025-11-30 22:07:18,527 - PID:1636953 - INFO - [compete_922071] === 超参数设置脚本 ===
2025-11-30 22:07:18,527 - PID:1636953 - INFO - [compete_922071] 项目根目录: /home/hdl/project/fgvr_test_new
2025-11-30 22:07:18,527 - PID:1636953 - INFO - [compete_922071] 超参数文件: /home/hdl/project/fgvr_test_new/configs/hyperparameters.yaml
2025-11-30 22:07:18,527 - PID:1636953 - INFO - [compete_922071] 
2025-11-30 22:07:18,528 - PID:1636953 - INFO - [compete_922071] 使用命令行指定的经验条数: 50
2025-11-30 22:07:18,529 - PID:1636953 - INFO - [compete_922071] 
2025-11-30 22:07:18,529 - PID:1636953 - INFO - [compete_922071] 正在更新超参数文件: /home/hdl/project/fgvr_test_new/configs/hyperparameters.yaml
2025-11-30 22:07:18,587 - PID:1636953 - INFO - GPU 3: ❌ Available=5.57GB, User Python Processes=1, Running Tasks=0
2025-11-30 22:07:18,587 - PID:1636953 - INFO -   User Python PIDs: [1427990]
2025-11-30 22:07:18,588 - PID:1636953 - INFO - [compete_922071] ✅ 超参数更新成功: experience_base_max_number = 50
2025-11-30 22:07:18,588 - PID:1636953 - INFO - [compete_922071] 
2025-11-30 22:07:18,588 - PID:1636953 - INFO - [compete_922071] === 超参数设置完成 ===
2025-11-30 22:07:18,589 - PID:1636953 - INFO - Command 2/3 completed successfully
2025-11-30 22:07:18,589 - PID:1636953 - INFO - Executing command 3/3 on GPU 4: CUDA_VISIBLE_DEVICES=4 bash /home/hdl/project/fgvr_test_new/scripts/run_pipeline.sh bird --uni_id compete_922071
2025-11-30 22:07:18,590 - PID:1636953 - INFO - 🔄 Bash script with uni_id compete_922071 will handle its own PID registration
2025-11-30 22:07:18,637 - PID:1636953 - INFO - GPU 4: ✅ Available=24.37GB, User Python Processes=0, Running Tasks=1
2025-11-30 22:07:18,637 - PID:1636953 - INFO -   Running Task (Queue 3): rm -rf {work_dir}/experiments/bird200/knowledge_base -> bash {work_dir}/scripts/set_hyperparameters....
2025-11-30 22:07:18,663 - PID:1636953 - INFO - [compete_922071] [0;32m[SUCCESS][0m Pipeline 已启动 (完全后台), PID=1637096
2025-11-30 22:07:18,664 - PID:1636953 - INFO - [compete_922071] [0;34m[INFO][0m 日志文件: /home/hdl/project/fgvr_test_new/logs/pipeline/bird200/pipeline_bird(2).log
2025-11-30 22:07:18,664 - PID:1636953 - INFO - [compete_922071] 实时查看日志: tail -f '/home/hdl/project/fgvr_test_new/logs/pipeline/bird200/pipeline_bird(2).log'
2025-11-30 22:07:18,664 - PID:1636953 - INFO - Command 3/3 completed successfully
2025-11-30 22:07:18,664 - PID:1636953 - INFO - Task completed on GPU 4: rm -rf {work_dir}/experiments/bird200/knowledge_base -> bash {work_dir}/scripts/set_hyperparameters.sh --experience_number 50 -> CUDA_VISIBLE_DEVICES={available_gpu} bash {work_dir}/scripts/run_pipeline.sh bird --uni_id {uni_id}
2025-11-30 22:07:18,691 - PID:1636953 - INFO - GPU 5: ❌ Available=4.16GB, User Python Processes=0, Running Tasks=0
2025-11-30 22:07:18,704 - PID:1636953 - INFO - GPU 6: Available for task compete_512529. Memory: 41.06GB
2025-11-30 22:07:18,705 - PID:1636953 - INFO - 🚀 Starting queue 6 task compete_512529 on GPU 6
2025-11-30 22:07:18,705 - PID:1636953 - INFO - Starting task on GPU 6: bash {work_dir}/scripts/set_hyperparameters.sh --experience_number 8 -> CUDA_VISIBLE_DEVICES={available_gpu} bash {work_dir}/scripts/run_pipeline.sh sun --uni_id {uni_id}
2025-11-30 22:07:18,706 - PID:1636953 - INFO - Executing command 1/2 on GPU 6: bash /home/hdl/project/fgvr_test_new/scripts/set_hyperparameters.sh --experience_number 8
2025-11-30 22:07:18,716 - PID:1636953 - INFO - [compete_512529] === 超参数设置脚本 ===
2025-11-30 22:07:18,716 - PID:1636953 - INFO - [compete_512529] 项目根目录: /home/hdl/project/fgvr_test_new
2025-11-30 22:07:18,716 - PID:1636953 - INFO - [compete_512529] 超参数文件: /home/hdl/project/fgvr_test_new/configs/hyperparameters.yaml
2025-11-30 22:07:18,716 - PID:1636953 - INFO - [compete_512529] 
2025-11-30 22:07:18,717 - PID:1636953 - INFO - [compete_512529] 使用命令行指定的经验条数: 8
2025-11-30 22:07:18,718 - PID:1636953 - INFO - [compete_512529] 
2025-11-30 22:07:18,718 - PID:1636953 - INFO - [compete_512529] 正在更新超参数文件: /home/hdl/project/fgvr_test_new/configs/hyperparameters.yaml
2025-11-30 22:07:18,746 - PID:1636953 - INFO - GPU 6: ✅ Available=41.06GB, User Python Processes=0, Running Tasks=1
2025-11-30 22:07:18,746 - PID:1636953 - INFO -   Running Task (Queue 6): bash {work_dir}/scripts/set_hyperparameters.sh --experience_number 8 -> CUDA_VISIBLE_DEVICES={availa...
2025-11-30 22:07:18,772 - PID:1636953 - INFO - [compete_512529] ✅ 超参数更新成功: experience_base_max_number = 8
2025-11-30 22:07:18,772 - PID:1636953 - INFO - [compete_512529] 
2025-11-30 22:07:18,772 - PID:1636953 - INFO - [compete_512529] === 超参数设置完成 ===
2025-11-30 22:07:18,773 - PID:1636953 - INFO - Command 1/2 completed successfully
2025-11-30 22:07:18,773 - PID:1636953 - INFO - Executing command 2/2 on GPU 6: CUDA_VISIBLE_DEVICES=6 bash /home/hdl/project/fgvr_test_new/scripts/run_pipeline.sh sun --uni_id compete_512529
2025-11-30 22:07:18,774 - PID:1636953 - INFO - 🔄 Bash script with uni_id compete_512529 will handle its own PID registration
2025-11-30 22:07:18,798 - PID:1636953 - INFO - GPU 7: ✅ Available=41.22GB, User Python Processes=0, Running Tasks=0
2025-11-30 22:07:18,830 - PID:1636953 - INFO - [compete_512529] [ERROR] 不支持的数据集 'sun'. 支持: dog, bird, flower, pet, car, aircraft, eurosat, food, dtd, caltech101, caltech256, deepfashion_multimodal, sun397, imagenet_a, imagenet_r, imagenet_1k, birdsnap, ucf, imagenet_sketch, imagenet_v2
2025-11-30 22:07:18,831 - PID:1636953 - ERROR - Task failed on GPU 6: bash {work_dir}/scripts/set_hyperparameters.sh --experience_number 8 -> CUDA_VISIBLE_DEVICES={available_gpu} bash {work_dir}/scripts/run_pipeline.sh sun --uni_id {uni_id} - Error: Command 2 failed with code 1: CUDA_VISIBLE_DEVICES=6 bash /home/hdl/project/fgvr_test_new/scripts/run_pipeline.sh sun --uni_id compete_512529
2025-11-30 22:07:18,853 - PID:1636953 - INFO - GPU 8: ✅ Available=36.03GB, User Python Processes=0, Running Tasks=0
2025-11-30 22:07:18,883 - PID:1636953 - INFO - GPU 7: Available for task compete_558067. Memory: 41.22GB
2025-11-30 22:07:18,883 - PID:1636953 - INFO - 🚀 Starting queue 2 task compete_558067 on GPU 7
2025-11-30 22:07:18,884 - PID:1636953 - INFO - Starting task on GPU 7: rm -rf {work_dir}/experiments/flower102/knowledge_base -> bash {work_dir}/scripts/set_hyperparameters.sh --experience_number 15 -> CUDA_VISIBLE_DEVICES={available_gpu} bash {work_dir}/scripts/run_pipeline.sh flower --uni_id {uni_id}
2025-11-30 22:07:18,884 - PID:1636953 - INFO - Executing command 1/3 on GPU 7: rm -rf /home/hdl/project/fgvr_test_new/experiments/flower102/knowledge_base
2025-11-30 22:07:18,887 - PID:1636953 - INFO - Command 1/3 completed successfully
2025-11-30 22:07:18,887 - PID:1636953 - INFO - Executing command 2/3 on GPU 7: bash /home/hdl/project/fgvr_test_new/scripts/set_hyperparameters.sh --experience_number 15
2025-11-30 22:07:18,897 - PID:1636953 - INFO - [compete_558067] === 超参数设置脚本 ===
2025-11-30 22:07:18,897 - PID:1636953 - INFO - [compete_558067] 项目根目录: /home/hdl/project/fgvr_test_new
2025-11-30 22:07:18,898 - PID:1636953 - INFO - [compete_558067] 超参数文件: /home/hdl/project/fgvr_test_new/configs/hyperparameters.yaml
2025-11-30 22:07:18,898 - PID:1636953 - INFO - [compete_558067] 
2025-11-30 22:07:18,898 - PID:1636953 - INFO - [compete_558067] 使用命令行指定的经验条数: 15
2025-11-30 22:07:18,899 - PID:1636953 - INFO - [compete_558067] 
2025-11-30 22:07:18,899 - PID:1636953 - INFO - [compete_558067] 正在更新超参数文件: /home/hdl/project/fgvr_test_new/configs/hyperparameters.yaml
2025-11-30 22:07:18,907 - PID:1636953 - INFO - GPU 9: ❌ Available=13.00GB, User Python Processes=0, Running Tasks=0
2025-11-30 22:07:18,948 - PID:1636953 - INFO - [compete_558067] ✅ 超参数更新成功: experience_base_max_number = 15
2025-11-30 22:07:18,948 - PID:1636953 - INFO - [compete_558067] 
2025-11-30 22:07:18,948 - PID:1636953 - INFO - [compete_558067] === 超参数设置完成 ===
2025-11-30 22:07:18,948 - PID:1636953 - INFO - Command 2/3 completed successfully
2025-11-30 22:07:18,949 - PID:1636953 - INFO - Executing command 3/3 on GPU 7: CUDA_VISIBLE_DEVICES=7 bash /home/hdl/project/fgvr_test_new/scripts/run_pipeline.sh flower --uni_id compete_558067
2025-11-30 22:07:18,949 - PID:1636953 - INFO - 🔄 Bash script with uni_id compete_558067 will handle its own PID registration
2025-11-30 22:07:19,017 - PID:1636953 - INFO - [compete_558067] [0;32m[SUCCESS][0m Pipeline 已启动 (完全后台), PID=1637330
2025-11-30 22:07:19,017 - PID:1636953 - INFO - [compete_558067] [0;34m[INFO][0m 日志文件: /home/hdl/project/fgvr_test_new/logs/pipeline/flower102/pipeline_flower(4).log
2025-11-30 22:07:19,017 - PID:1636953 - INFO - [compete_558067] 实时查看日志: tail -f '/home/hdl/project/fgvr_test_new/logs/pipeline/flower102/pipeline_flower(4).log'
2025-11-30 22:07:19,018 - PID:1636953 - INFO - Command 3/3 completed successfully
2025-11-30 22:07:19,018 - PID:1636953 - INFO - Task completed on GPU 7: rm -rf {work_dir}/experiments/flower102/knowledge_base -> bash {work_dir}/scripts/set_hyperparameters.sh --experience_number 15 -> CUDA_VISIBLE_DEVICES={available_gpu} bash {work_dir}/scripts/run_pipeline.sh flower --uni_id {uni_id}
2025-11-30 22:07:19,066 - PID:1636953 - INFO - GPU 8: Available for task compete_566536. Memory: 36.03GB
2025-11-30 22:07:19,067 - PID:1636953 - INFO - 🚀 Starting queue 4 task compete_566536 on GPU 8
2025-11-30 22:07:19,067 - PID:1636953 - INFO - Starting task on GPU 8: bash {work_dir}/scripts/set_hyperparameters.sh --experience_number 8 -> CUDA_VISIBLE_DEVICES={available_gpu} bash {work_dir}/scripts/run_pipeline.sh imagenet_v2 --uni_id {uni_id}
2025-11-30 22:07:19,067 - PID:1636953 - INFO - Executing command 1/2 on GPU 8: bash /home/hdl/project/fgvr_test_new/scripts/set_hyperparameters.sh --experience_number 8
2025-11-30 22:07:19,078 - PID:1636953 - INFO - [compete_566536] === 超参数设置脚本 ===
2025-11-30 22:07:19,078 - PID:1636953 - INFO - [compete_566536] 项目根目录: /home/hdl/project/fgvr_test_new
2025-11-30 22:07:19,078 - PID:1636953 - INFO - [compete_566536] 超参数文件: /home/hdl/project/fgvr_test_new/configs/hyperparameters.yaml
2025-11-30 22:07:19,078 - PID:1636953 - INFO - [compete_566536] 
2025-11-30 22:07:19,079 - PID:1636953 - INFO - [compete_566536] 使用命令行指定的经验条数: 8
2025-11-30 22:07:19,080 - PID:1636953 - INFO - [compete_566536] 
2025-11-30 22:07:19,080 - PID:1636953 - INFO - [compete_566536] 正在更新超参数文件: /home/hdl/project/fgvr_test_new/configs/hyperparameters.yaml
2025-11-30 22:07:19,122 - PID:1636953 - INFO - [compete_566536] ✅ 超参数更新成功: experience_base_max_number = 8
2025-11-30 22:07:19,122 - PID:1636953 - INFO - [compete_566536] 
2025-11-30 22:07:19,122 - PID:1636953 - INFO - [compete_566536] === 超参数设置完成 ===
2025-11-30 22:07:19,123 - PID:1636953 - INFO - Command 1/2 completed successfully
2025-11-30 22:07:19,123 - PID:1636953 - INFO - Executing command 2/2 on GPU 8: CUDA_VISIBLE_DEVICES=8 bash /home/hdl/project/fgvr_test_new/scripts/run_pipeline.sh imagenet_v2 --uni_id compete_566536
2025-11-30 22:07:19,124 - PID:1636953 - INFO - 🔄 Bash script with uni_id compete_566536 will handle its own PID registration
2025-11-30 22:07:19,192 - PID:1636953 - INFO - [compete_566536] [0;32m[SUCCESS][0m Pipeline 已启动 (完全后台), PID=1637461
2025-11-30 22:07:19,192 - PID:1636953 - INFO - [compete_566536] [0;34m[INFO][0m 日志文件: /home/hdl/project/fgvr_test_new/logs/pipeline/imagenet_v2_1000/pipeline_imagenet_v2(4).log
2025-11-30 22:07:19,192 - PID:1636953 - INFO - [compete_566536] 实时查看日志: tail -f '/home/hdl/project/fgvr_test_new/logs/pipeline/imagenet_v2_1000/pipeline_imagenet_v2(4).log'
2025-11-30 22:07:19,192 - PID:1636953 - INFO - Command 2/2 completed successfully
2025-11-30 22:07:19,192 - PID:1636953 - INFO - Task completed on GPU 8: bash {work_dir}/scripts/set_hyperparameters.sh --experience_number 8 -> CUDA_VISIBLE_DEVICES={available_gpu} bash {work_dir}/scripts/run_pipeline.sh imagenet_v2 --uni_id {uni_id}
2025-11-30 22:07:19,392 - PID:1636953 - INFO - 📈 Started 4 tasks: ['Queue 3', 'Queue 6', 'Queue 2', 'Queue 4']
2025-11-30 22:07:22,393 - PID:1636953 - WARNING - ⚠️ Could not find task for uni_id compete_583946
2025-11-30 22:07:22,393 - PID:1636953 - WARNING - ⚠️ Could not find task for uni_id compete_889606
2025-11-30 22:07:22,393 - PID:1636953 - WARNING - ⚠️ Could not find task for uni_id compete_909033
2025-11-30 22:07:22,394 - PID:1636953 - WARNING - ⚠️ Could not find task for uni_id compete_626564
2025-11-30 22:07:22,394 - PID:1636953 - WARNING - ⚠️ Could not find task for uni_id compete_121758
2025-11-30 22:07:22,394 - PID:1636953 - WARNING - ⚠️ Could not find task for uni_id compete_998809
2025-11-30 22:07:22,394 - PID:1636953 - WARNING - ⚠️ Could not find task for uni_id compete_527985
2025-11-30 22:07:22,541 - PID:1636953 - INFO - GPU 4: Available for task compete_867344. Memory: 24.37GB
2025-11-30 22:07:22,541 - PID:1636953 - INFO - 🚀 Starting queue 3 task compete_867344 on GPU 4
2025-11-30 22:07:22,541 - PID:1636953 - INFO - Starting task on GPU 4: rm -rf {work_dir}/experiments/bird200/knowledge_base -> bash {work_dir}/scripts/set_hyperparameters.sh --experience_number 50 -> CUDA_VISIBLE_DEVICES={available_gpu} bash {work_dir}/scripts/run_pipeline.sh bird --uni_id {uni_id}
2025-11-30 22:07:22,542 - PID:1636953 - INFO - Executing command 1/3 on GPU 4: rm -rf /home/hdl/project/fgvr_test_new/experiments/bird200/knowledge_base
2025-11-30 22:07:22,546 - PID:1636953 - INFO - Command 1/3 completed successfully
2025-11-30 22:07:22,546 - PID:1636953 - INFO - Executing command 2/3 on GPU 4: bash /home/hdl/project/fgvr_test_new/scripts/set_hyperparameters.sh --experience_number 50
2025-11-30 22:07:22,557 - PID:1636953 - INFO - [compete_867344] === 超参数设置脚本 ===
2025-11-30 22:07:22,557 - PID:1636953 - INFO - [compete_867344] 项目根目录: /home/hdl/project/fgvr_test_new
2025-11-30 22:07:22,557 - PID:1636953 - INFO - [compete_867344] 超参数文件: /home/hdl/project/fgvr_test_new/configs/hyperparameters.yaml
2025-11-30 22:07:22,557 - PID:1636953 - INFO - [compete_867344] 
2025-11-30 22:07:22,558 - PID:1636953 - INFO - [compete_867344] 使用命令行指定的经验条数: 50
2025-11-30 22:07:22,558 - PID:1636953 - INFO - [compete_867344] 
2025-11-30 22:07:22,559 - PID:1636953 - INFO - [compete_867344] 正在更新超参数文件: /home/hdl/project/fgvr_test_new/configs/hyperparameters.yaml
2025-11-30 22:07:22,606 - PID:1636953 - INFO - [compete_867344] ✅ 超参数更新成功: experience_base_max_number = 50
2025-11-30 22:07:22,606 - PID:1636953 - INFO - [compete_867344] 
2025-11-30 22:07:22,606 - PID:1636953 - INFO - [compete_867344] === 超参数设置完成 ===
2025-11-30 22:07:22,607 - PID:1636953 - INFO - Command 2/3 completed successfully
2025-11-30 22:07:22,607 - PID:1636953 - INFO - Executing command 3/3 on GPU 4: CUDA_VISIBLE_DEVICES=4 bash /home/hdl/project/fgvr_test_new/scripts/run_pipeline.sh bird --uni_id compete_867344
2025-11-30 22:07:22,608 - PID:1636953 - INFO - 🔄 Bash script with uni_id compete_867344 will handle its own PID registration
2025-11-30 22:07:22,673 - PID:1636953 - INFO - [compete_867344] [0;32m[SUCCESS][0m Pipeline 已启动 (完全后台), PID=1637946
2025-11-30 22:07:22,674 - PID:1636953 - INFO - [compete_867344] [0;34m[INFO][0m 日志文件: /home/hdl/project/fgvr_test_new/logs/pipeline/bird200/pipeline_bird(3).log
2025-11-30 22:07:22,674 - PID:1636953 - INFO - [compete_867344] 实时查看日志: tail -f '/home/hdl/project/fgvr_test_new/logs/pipeline/bird200/pipeline_bird(3).log'
2025-11-30 22:07:22,674 - PID:1636953 - INFO - Command 3/3 completed successfully
2025-11-30 22:07:22,674 - PID:1636953 - INFO - Task completed on GPU 4: rm -rf {work_dir}/experiments/bird200/knowledge_base -> bash {work_dir}/scripts/set_hyperparameters.sh --experience_number 50 -> CUDA_VISIBLE_DEVICES={available_gpu} bash {work_dir}/scripts/run_pipeline.sh bird --uni_id {uni_id}
2025-11-30 22:07:22,725 - PID:1636953 - INFO - GPU 6: Available for task compete_144646. Memory: 40.73GB
2025-11-30 22:07:22,725 - PID:1636953 - INFO - 🚀 Starting queue 1 task compete_144646 on GPU 6
2025-11-30 22:07:22,726 - PID:1636953 - INFO - Starting task on GPU 6: rm -rf {work_dir}/experiments/car196/knowledge_base -> bash {work_dir}/scripts/set_hyperparameters.sh --experience_number 8 -> CUDA_VISIBLE_DEVICES={available_gpu} bash {work_dir}/scripts/run_pipeline.sh car --uni_id {uni_id}
2025-11-30 22:07:22,726 - PID:1636953 - INFO - Executing command 1/3 on GPU 6: rm -rf /home/hdl/project/fgvr_test_new/experiments/car196/knowledge_base
2025-11-30 22:07:22,730 - PID:1636953 - INFO - Command 1/3 completed successfully
2025-11-30 22:07:22,730 - PID:1636953 - INFO - Executing command 2/3 on GPU 6: bash /home/hdl/project/fgvr_test_new/scripts/set_hyperparameters.sh --experience_number 8
2025-11-30 22:07:22,740 - PID:1636953 - INFO - [compete_144646] === 超参数设置脚本 ===
2025-11-30 22:07:22,740 - PID:1636953 - INFO - [compete_144646] 项目根目录: /home/hdl/project/fgvr_test_new
2025-11-30 22:07:22,740 - PID:1636953 - INFO - [compete_144646] 超参数文件: /home/hdl/project/fgvr_test_new/configs/hyperparameters.yaml
2025-11-30 22:07:22,740 - PID:1636953 - INFO - [compete_144646] 
2025-11-30 22:07:22,741 - PID:1636953 - INFO - [compete_144646] 使用命令行指定的经验条数: 8
2025-11-30 22:07:22,741 - PID:1636953 - INFO - [compete_144646] 
2025-11-30 22:07:22,742 - PID:1636953 - INFO - [compete_144646] 正在更新超参数文件: /home/hdl/project/fgvr_test_new/configs/hyperparameters.yaml
2025-11-30 22:07:22,790 - PID:1636953 - INFO - [compete_144646] ✅ 超参数更新成功: experience_base_max_number = 8
2025-11-30 22:07:22,790 - PID:1636953 - INFO - [compete_144646] 
2025-11-30 22:07:22,790 - PID:1636953 - INFO - [compete_144646] === 超参数设置完成 ===
2025-11-30 22:07:22,790 - PID:1636953 - INFO - Command 2/3 completed successfully
2025-11-30 22:07:22,790 - PID:1636953 - INFO - Executing command 3/3 on GPU 6: CUDA_VISIBLE_DEVICES=6 bash /home/hdl/project/fgvr_test_new/scripts/run_pipeline.sh car --uni_id compete_144646
2025-11-30 22:07:22,791 - PID:1636953 - INFO - 🔄 Bash script with uni_id compete_144646 will handle its own PID registration
2025-11-30 22:07:22,857 - PID:1636953 - INFO - [compete_144646] [0;32m[SUCCESS][0m Pipeline 已启动 (完全后台), PID=1638077
2025-11-30 22:07:22,857 - PID:1636953 - INFO - [compete_144646] [0;34m[INFO][0m 日志文件: /home/hdl/project/fgvr_test_new/logs/pipeline/car196/pipeline_car(9).log
2025-11-30 22:07:22,857 - PID:1636953 - INFO - [compete_144646] 实时查看日志: tail -f '/home/hdl/project/fgvr_test_new/logs/pipeline/car196/pipeline_car(9).log'
2025-11-30 22:07:22,857 - PID:1636953 - INFO - Command 3/3 completed successfully
2025-11-30 22:07:22,857 - PID:1636953 - INFO - Task completed on GPU 6: rm -rf {work_dir}/experiments/car196/knowledge_base -> bash {work_dir}/scripts/set_hyperparameters.sh --experience_number 8 -> CUDA_VISIBLE_DEVICES={available_gpu} bash {work_dir}/scripts/run_pipeline.sh car --uni_id {uni_id}
2025-11-30 22:07:22,904 - PID:1636953 - INFO - GPU 7: Available for task compete_142710. Memory: 40.88GB
2025-11-30 22:07:22,905 - PID:1636953 - INFO - 🚀 Starting queue 5 task compete_142710 on GPU 7
2025-11-30 22:07:22,905 - PID:1636953 - INFO - Starting task on GPU 7: rm -rf {work_dir}/experiments/dog120/knowledge_base -> bash {work_dir}/scripts/set_hyperparameters.sh --experience_number 5 -> CUDA_VISIBLE_DEVICES={available_gpu} bash {work_dir}/scripts/run_pipeline.sh dog --uni_id {uni_id}
2025-11-30 22:07:22,905 - PID:1636953 - INFO - 📈 Started 3 tasks: ['Queue 3', 'Queue 1', 'Queue 5']
2025-11-30 22:07:22,905 - PID:1636953 - INFO - Executing command 1/3 on GPU 7: rm -rf /home/hdl/project/fgvr_test_new/experiments/dog120/knowledge_base
2025-11-30 22:07:22,909 - PID:1636953 - INFO - Command 1/3 completed successfully
2025-11-30 22:07:22,909 - PID:1636953 - INFO - Executing command 2/3 on GPU 7: bash /home/hdl/project/fgvr_test_new/scripts/set_hyperparameters.sh --experience_number 5
2025-11-30 22:07:22,921 - PID:1636953 - INFO - [compete_142710] === 超参数设置脚本 ===
2025-11-30 22:07:22,921 - PID:1636953 - INFO - [compete_142710] 项目根目录: /home/hdl/project/fgvr_test_new
2025-11-30 22:07:22,921 - PID:1636953 - INFO - [compete_142710] 超参数文件: /home/hdl/project/fgvr_test_new/configs/hyperparameters.yaml
2025-11-30 22:07:22,921 - PID:1636953 - INFO - [compete_142710] 
2025-11-30 22:07:22,921 - PID:1636953 - INFO - [compete_142710] 使用命令行指定的经验条数: 5
2025-11-30 22:07:22,922 - PID:1636953 - INFO - [compete_142710] 
2025-11-30 22:07:22,922 - PID:1636953 - INFO - [compete_142710] 正在更新超参数文件: /home/hdl/project/fgvr_test_new/configs/hyperparameters.yaml
2025-11-30 22:07:22,964 - PID:1636953 - INFO - [compete_142710] ✅ 超参数更新成功: experience_base_max_number = 5
2025-11-30 22:07:22,965 - PID:1636953 - INFO - [compete_142710] 
2025-11-30 22:07:22,965 - PID:1636953 - INFO - [compete_142710] === 超参数设置完成 ===
2025-11-30 22:07:22,965 - PID:1636953 - INFO - Command 2/3 completed successfully
2025-11-30 22:07:22,965 - PID:1636953 - INFO - Executing command 3/3 on GPU 7: CUDA_VISIBLE_DEVICES=7 bash /home/hdl/project/fgvr_test_new/scripts/run_pipeline.sh dog --uni_id compete_142710
2025-11-30 22:07:22,966 - PID:1636953 - INFO - 🔄 Bash script with uni_id compete_142710 will handle its own PID registration
2025-11-30 22:07:23,037 - PID:1636953 - INFO - [compete_142710] [0;32m[SUCCESS][0m Pipeline 已启动 (完全后台), PID=1638197
2025-11-30 22:07:23,037 - PID:1636953 - INFO - [compete_142710] [0;34m[INFO][0m 日志文件: /home/hdl/project/fgvr_test_new/logs/pipeline/dog120/pipeline_dog(12).log
2025-11-30 22:07:23,037 - PID:1636953 - INFO - [compete_142710] 实时查看日志: tail -f '/home/hdl/project/fgvr_test_new/logs/pipeline/dog120/pipeline_dog(12).log'
2025-11-30 22:07:23,038 - PID:1636953 - INFO - Command 3/3 completed successfully
2025-11-30 22:07:23,038 - PID:1636953 - INFO - Task completed on GPU 7: rm -rf {work_dir}/experiments/dog120/knowledge_base -> bash {work_dir}/scripts/set_hyperparameters.sh --experience_number 5 -> CUDA_VISIBLE_DEVICES={available_gpu} bash {work_dir}/scripts/run_pipeline.sh dog --uni_id {uni_id}
2025-11-30 22:07:25,906 - PID:1636953 - WARNING - ⚠️ Could not find task for uni_id compete_583946
2025-11-30 22:07:25,906 - PID:1636953 - WARNING - ⚠️ Could not find task for uni_id compete_889606
2025-11-30 22:07:25,907 - PID:1636953 - WARNING - ⚠️ Could not find task for uni_id compete_909033
2025-11-30 22:07:25,907 - PID:1636953 - WARNING - ⚠️ Could not find task for uni_id compete_626564
2025-11-30 22:07:25,907 - PID:1636953 - WARNING - ⚠️ Could not find task for uni_id compete_121758
2025-11-30 22:07:25,907 - PID:1636953 - WARNING - ⚠️ Could not find task for uni_id compete_998809
2025-11-30 22:07:25,907 - PID:1636953 - WARNING - ⚠️ Could not find task for uni_id compete_527985
2025-11-30 22:07:28,908 - PID:1636953 - INFO - === Task Status ===
2025-11-30 22:07:28,909 - PID:1636953 - INFO - Total Tasks: 14, Pending=7, Running(memory)=0, Running(actual)=5, Completed=6, Failed=1
2025-11-30 22:07:28,909 - PID:1636953 - INFO - === Queue Status ===
2025-11-30 22:07:28,909 - PID:1636953 - INFO - Queue 1: 🔴 BUSY (process running), Pending=4, Running=0, Completed=1, Failed=0
2025-11-30 22:07:28,909 - PID:1636953 - INFO - Queue 2: 🔴 BUSY (process running), Pending=1, Running=0, Completed=1, Failed=0
2025-11-30 22:07:28,909 - PID:1636953 - INFO - Queue 3: 🔴 BUSY (process running), Pending=0, Running=0, Completed=2, Failed=0
2025-11-30 22:07:28,909 - PID:1636953 - INFO - Queue 4: 🔴 BUSY (process running), Pending=0, Running=0, Completed=1, Failed=0
2025-11-30 22:07:28,909 - PID:1636953 - INFO - Queue 5: 🔴 BUSY (process running), Pending=2, Running=0, Completed=1, Failed=0
2025-11-30 22:07:28,909 - PID:1636953 - INFO - Queue 6: 🟢 IDLE, Pending=0, Running=0, Completed=0, Failed=1
2025-11-30 22:07:28,909 - PID:1636953 - INFO - === GPU Status ===
2025-11-30 22:07:28,968 - PID:1636953 - INFO - GPU 0: ❌ Available=5.72GB, User Python Processes=0, Running Tasks=0
2025-11-30 22:07:29,029 - PID:1636953 - INFO - GPU 1: ❌ Available=4.67GB, User Python Processes=0, Running Tasks=0
2025-11-30 22:07:29,093 - PID:1636953 - INFO - GPU 2: ❌ Available=4.38GB, User Python Processes=0, Running Tasks=0
2025-11-30 22:07:29,159 - PID:1636953 - INFO - GPU 3: ❌ Available=5.56GB, User Python Processes=1, Running Tasks=0
2025-11-30 22:07:29,159 - PID:1636953 - INFO -   User Python PIDs: [1427990]
2025-11-30 22:07:29,219 - PID:1636953 - INFO - GPU 4: ✅ Available=24.37GB, User Python Processes=0, Running Tasks=0
2025-11-30 22:07:29,284 - PID:1636953 - INFO - GPU 5: ❌ Available=4.16GB, User Python Processes=0, Running Tasks=0
2025-11-30 22:07:29,361 - PID:1636953 - INFO - GPU 6: ✅ Available=39.89GB, User Python Processes=0, Running Tasks=0
2025-11-30 22:07:29,446 - PID:1636953 - INFO - GPU 7: ✅ Available=40.04GB, User Python Processes=0, Running Tasks=0
2025-11-30 22:07:29,571 - PID:1636953 - INFO - GPU 8: ❌ Available=16.31GB, User Python Processes=3, Running Tasks=0
2025-11-30 22:07:29,571 - PID:1636953 - INFO -   User Python PIDs: [1637510, 1637515, 1638225]
2025-11-30 22:07:29,682 - PID:1636953 - INFO - GPU 9: ❌ Available=13.00GB, User Python Processes=0, Running Tasks=0
2025-11-30 22:07:29,682 - PID:1636953 - INFO - === Running Processes (from JSON) ===
2025-11-30 22:07:29,682 - PID:1636953 - INFO -   compete_558067: PID=1637510, Queue 2, GPU 7
2025-11-30 22:07:29,682 - PID:1636953 - INFO -   compete_566536: PID=1637515, Queue 4, GPU 8
2025-11-30 22:07:29,682 - PID:1636953 - INFO -   compete_867344: PID=1638225, Queue 3, GPU 4
2025-11-30 22:07:29,682 - PID:1636953 - INFO -   compete_144646: PID=1638233, Queue 1, GPU 6
2025-11-30 22:07:29,682 - PID:1636953 - INFO -   compete_142710: PID=1638236, Queue 5, GPU 7
2025-11-30 22:07:30,908 - PID:1636953 - WARNING - ⚠️ Could not find task for uni_id compete_583946
2025-11-30 22:07:30,909 - PID:1636953 - WARNING - ⚠️ Could not find task for uni_id compete_889606
2025-11-30 22:07:30,909 - PID:1636953 - WARNING - ⚠️ Could not find task for uni_id compete_909033
2025-11-30 22:07:30,909 - PID:1636953 - WARNING - ⚠️ Could not find task for uni_id compete_626564
2025-11-30 22:07:30,909 - PID:1636953 - WARNING - ⚠️ Could not find task for uni_id compete_121758
2025-11-30 22:07:30,909 - PID:1636953 - WARNING - ⚠️ Could not find task for uni_id compete_998809
2025-11-30 22:07:30,909 - PID:1636953 - WARNING - ⚠️ Could not find task for uni_id compete_527985
2025-11-30 22:07:35,910 - PID:1636953 - WARNING - ⚠️ Could not find task for uni_id compete_583946
2025-11-30 22:07:35,911 - PID:1636953 - WARNING - ⚠️ Could not find task for uni_id compete_889606
2025-11-30 22:07:35,911 - PID:1636953 - WARNING - ⚠️ Could not find task for uni_id compete_909033
2025-11-30 22:07:35,911 - PID:1636953 - WARNING - ⚠️ Could not find task for uni_id compete_626564
2025-11-30 22:07:35,911 - PID:1636953 - WARNING - ⚠️ Could not find task for uni_id compete_121758
2025-11-30 22:07:35,912 - PID:1636953 - WARNING - ⚠️ Could not find task for uni_id compete_998809
2025-11-30 22:07:35,912 - PID:1636953 - WARNING - ⚠️ Could not find task for uni_id compete_527985
2025-11-30 22:07:35,913 - PID:1636953 - INFO - 🔄 Incremented retry count: compete_558067 -> 1
2025-11-30 22:07:35,913 - PID:1636953 - INFO - 📝 Updated process state: compete_558067 -> running
2025-11-30 22:07:35,913 - PID:1636953 - INFO - 🔄 Retrying task compete_558067 (attempt 2)
2025-11-30 22:07:35,914 - PID:1636953 - INFO - 🔄 Incremented retry count: compete_566536 -> 1
2025-11-30 22:07:35,914 - PID:1636953 - INFO - 📝 Updated process state: compete_566536 -> running
2025-11-30 22:07:35,914 - PID:1636953 - INFO - 🔄 Retrying task compete_566536 (attempt 2)
2025-11-30 22:07:35,914 - PID:1636953 - INFO - 🔄 Incremented retry count: compete_867344 -> 1
2025-11-30 22:07:35,915 - PID:1636953 - INFO - 📝 Updated process state: compete_867344 -> running
2025-11-30 22:07:35,915 - PID:1636953 - INFO - 🔄 Retrying task compete_867344 (attempt 2)
2025-11-30 22:07:35,915 - PID:1636953 - INFO - 🔄 Incremented retry count: compete_144646 -> 1
2025-11-30 22:07:35,915 - PID:1636953 - INFO - 📝 Updated process state: compete_144646 -> running
2025-11-30 22:07:35,915 - PID:1636953 - INFO - 🔄 Retrying task compete_144646 (attempt 2)
2025-11-30 22:07:35,915 - PID:1636953 - INFO - 🔄 Incremented retry count: compete_142710 -> 1
2025-11-30 22:07:35,916 - PID:1636953 - INFO - 📝 Updated process state: compete_142710 -> running
2025-11-30 22:07:35,916 - PID:1636953 - INFO - 🔄 Retrying task compete_142710 (attempt 2)
2025-11-30 22:07:36,071 - PID:1636953 - INFO - GPU 4: Available for task compete_566536. Memory: 24.37GB
2025-11-30 22:07:36,071 - PID:1636953 - INFO - 🚀 Starting queue 4 task compete_566536 on GPU 4
2025-11-30 22:07:36,072 - PID:1636953 - INFO - Starting task on GPU 4: bash {work_dir}/scripts/set_hyperparameters.sh --experience_number 8 -> CUDA_VISIBLE_DEVICES={available_gpu} bash {work_dir}/scripts/run_pipeline.sh imagenet_v2 --uni_id {uni_id}
2025-11-30 22:07:36,072 - PID:1636953 - INFO - Executing command 1/2 on GPU 4: bash /home/hdl/project/fgvr_test_new/scripts/set_hyperparameters.sh --experience_number 8
2025-11-30 22:07:36,083 - PID:1636953 - INFO - [compete_566536] === 超参数设置脚本 ===
2025-11-30 22:07:36,083 - PID:1636953 - INFO - [compete_566536] 项目根目录: /home/hdl/project/fgvr_test_new
2025-11-30 22:07:36,084 - PID:1636953 - INFO - [compete_566536] 超参数文件: /home/hdl/project/fgvr_test_new/configs/hyperparameters.yaml
2025-11-30 22:07:36,084 - PID:1636953 - INFO - [compete_566536] 
2025-11-30 22:07:36,084 - PID:1636953 - INFO - [compete_566536] 使用命令行指定的经验条数: 8
2025-11-30 22:07:36,084 - PID:1636953 - INFO - [compete_566536] 
2025-11-30 22:07:36,084 - PID:1636953 - INFO - [compete_566536] 正在更新超参数文件: /home/hdl/project/fgvr_test_new/configs/hyperparameters.yaml
2025-11-30 22:07:36,138 - PID:1636953 - INFO - [compete_566536] ✅ 超参数更新成功: experience_base_max_number = 8
2025-11-30 22:07:36,139 - PID:1636953 - INFO - [compete_566536] 
2025-11-30 22:07:36,139 - PID:1636953 - INFO - [compete_566536] === 超参数设置完成 ===
2025-11-30 22:07:36,139 - PID:1636953 - INFO - Command 1/2 completed successfully
2025-11-30 22:07:36,139 - PID:1636953 - INFO - Executing command 2/2 on GPU 4: CUDA_VISIBLE_DEVICES=4 bash /home/hdl/project/fgvr_test_new/scripts/run_pipeline.sh imagenet_v2 --uni_id compete_566536
2025-11-30 22:07:36,140 - PID:1636953 - INFO - 🔄 Bash script with uni_id compete_566536 will handle its own PID registration
2025-11-30 22:07:36,201 - PID:1636953 - INFO - [compete_566536] [0;32m[SUCCESS][0m Pipeline 已启动 (完全后台), PID=1639345
2025-11-30 22:07:36,201 - PID:1636953 - INFO - [compete_566536] [0;34m[INFO][0m 日志文件: /home/hdl/project/fgvr_test_new/logs/pipeline/imagenet_v2_1000/pipeline_imagenet_v2(5).log
2025-11-30 22:07:36,201 - PID:1636953 - INFO - [compete_566536] 实时查看日志: tail -f '/home/hdl/project/fgvr_test_new/logs/pipeline/imagenet_v2_1000/pipeline_imagenet_v2(5).log'
2025-11-30 22:07:36,202 - PID:1636953 - INFO - Command 2/2 completed successfully
2025-11-30 22:07:36,202 - PID:1636953 - INFO - Task completed on GPU 4: bash {work_dir}/scripts/set_hyperparameters.sh --experience_number 8 -> CUDA_VISIBLE_DEVICES={available_gpu} bash {work_dir}/scripts/run_pipeline.sh imagenet_v2 --uni_id {uni_id}
2025-11-30 22:07:36,261 - PID:1636953 - INFO - GPU 6: Available for task compete_558067. Memory: 39.89GB
2025-11-30 22:07:36,261 - PID:1636953 - INFO - 🚀 Starting queue 2 task compete_558067 on GPU 6
2025-11-30 22:07:36,261 - PID:1636953 - INFO - Starting task on GPU 6: rm -rf {work_dir}/experiments/flower102/knowledge_base -> bash {work_dir}/scripts/set_hyperparameters.sh --experience_number 15 -> CUDA_VISIBLE_DEVICES={available_gpu} bash {work_dir}/scripts/run_pipeline.sh flower --uni_id {uni_id}
2025-11-30 22:07:36,262 - PID:1636953 - INFO - Executing command 1/3 on GPU 6: rm -rf /home/hdl/project/fgvr_test_new/experiments/flower102/knowledge_base
2025-11-30 22:07:36,266 - PID:1636953 - INFO - Command 1/3 completed successfully
2025-11-30 22:07:36,266 - PID:1636953 - INFO - Executing command 2/3 on GPU 6: bash /home/hdl/project/fgvr_test_new/scripts/set_hyperparameters.sh --experience_number 15
2025-11-30 22:07:36,276 - PID:1636953 - INFO - [compete_558067] === 超参数设置脚本 ===
2025-11-30 22:07:36,276 - PID:1636953 - INFO - [compete_558067] 项目根目录: /home/hdl/project/fgvr_test_new
2025-11-30 22:07:36,276 - PID:1636953 - INFO - [compete_558067] 超参数文件: /home/hdl/project/fgvr_test_new/configs/hyperparameters.yaml
2025-11-30 22:07:36,276 - PID:1636953 - INFO - [compete_558067] 
2025-11-30 22:07:36,276 - PID:1636953 - INFO - [compete_558067] 使用命令行指定的经验条数: 15
2025-11-30 22:07:36,277 - PID:1636953 - INFO - [compete_558067] 
2025-11-30 22:07:36,277 - PID:1636953 - INFO - [compete_558067] 正在更新超参数文件: /home/hdl/project/fgvr_test_new/configs/hyperparameters.yaml
2025-11-30 22:07:36,322 - PID:1636953 - INFO - [compete_558067] ✅ 超参数更新成功: experience_base_max_number = 15
2025-11-30 22:07:36,322 - PID:1636953 - INFO - [compete_558067] 
2025-11-30 22:07:36,322 - PID:1636953 - INFO - [compete_558067] === 超参数设置完成 ===
2025-11-30 22:07:36,323 - PID:1636953 - INFO - Command 2/3 completed successfully
2025-11-30 22:07:36,323 - PID:1636953 - INFO - Executing command 3/3 on GPU 6: CUDA_VISIBLE_DEVICES=6 bash /home/hdl/project/fgvr_test_new/scripts/run_pipeline.sh flower --uni_id compete_558067
2025-11-30 22:07:36,324 - PID:1636953 - INFO - 🔄 Bash script with uni_id compete_558067 will handle its own PID registration
2025-11-30 22:07:36,389 - PID:1636953 - INFO - [compete_558067] [0;32m[SUCCESS][0m Pipeline 已启动 (完全后台), PID=1639486
2025-11-30 22:07:36,389 - PID:1636953 - INFO - [compete_558067] [0;34m[INFO][0m 日志文件: /home/hdl/project/fgvr_test_new/logs/pipeline/flower102/pipeline_flower(5).log
2025-11-30 22:07:36,389 - PID:1636953 - INFO - [compete_558067] 实时查看日志: tail -f '/home/hdl/project/fgvr_test_new/logs/pipeline/flower102/pipeline_flower(5).log'
2025-11-30 22:07:36,389 - PID:1636953 - INFO - Command 3/3 completed successfully
2025-11-30 22:07:36,389 - PID:1636953 - INFO - Task completed on GPU 6: rm -rf {work_dir}/experiments/flower102/knowledge_base -> bash {work_dir}/scripts/set_hyperparameters.sh --experience_number 15 -> CUDA_VISIBLE_DEVICES={available_gpu} bash {work_dir}/scripts/run_pipeline.sh flower --uni_id {uni_id}
2025-11-30 22:07:36,458 - PID:1636953 - INFO - GPU 7: Available for task compete_142710. Memory: 40.04GB
2025-11-30 22:07:36,458 - PID:1636953 - INFO - 🚀 Starting queue 5 task compete_142710 on GPU 7
2025-11-30 22:07:36,458 - PID:1636953 - INFO - Starting task on GPU 7: rm -rf {work_dir}/experiments/dog120/knowledge_base -> bash {work_dir}/scripts/set_hyperparameters.sh --experience_number 5 -> CUDA_VISIBLE_DEVICES={available_gpu} bash {work_dir}/scripts/run_pipeline.sh dog --uni_id {uni_id}
2025-11-30 22:07:36,459 - PID:1636953 - INFO - Executing command 1/3 on GPU 7: rm -rf /home/hdl/project/fgvr_test_new/experiments/dog120/knowledge_base
2025-11-30 22:07:36,462 - PID:1636953 - INFO - Command 1/3 completed successfully
2025-11-30 22:07:36,462 - PID:1636953 - INFO - Executing command 2/3 on GPU 7: bash /home/hdl/project/fgvr_test_new/scripts/set_hyperparameters.sh --experience_number 5
2025-11-30 22:07:36,473 - PID:1636953 - INFO - [compete_142710] === 超参数设置脚本 ===
2025-11-30 22:07:36,473 - PID:1636953 - INFO - [compete_142710] 项目根目录: /home/hdl/project/fgvr_test_new
2025-11-30 22:07:36,473 - PID:1636953 - INFO - [compete_142710] 超参数文件: /home/hdl/project/fgvr_test_new/configs/hyperparameters.yaml
2025-11-30 22:07:36,474 - PID:1636953 - INFO - [compete_142710] 
2025-11-30 22:07:36,474 - PID:1636953 - INFO - [compete_142710] 使用命令行指定的经验条数: 5
2025-11-30 22:07:36,474 - PID:1636953 - INFO - [compete_142710] 
2025-11-30 22:07:36,474 - PID:1636953 - INFO - [compete_142710] 正在更新超参数文件: /home/hdl/project/fgvr_test_new/configs/hyperparameters.yaml
2025-11-30 22:07:36,522 - PID:1636953 - INFO - [compete_142710] ✅ 超参数更新成功: experience_base_max_number = 5
2025-11-30 22:07:36,523 - PID:1636953 - INFO - [compete_142710] 
2025-11-30 22:07:36,523 - PID:1636953 - INFO - [compete_142710] === 超参数设置完成 ===
2025-11-30 22:07:36,523 - PID:1636953 - INFO - Command 2/3 completed successfully
2025-11-30 22:07:36,523 - PID:1636953 - INFO - Executing command 3/3 on GPU 7: CUDA_VISIBLE_DEVICES=7 bash /home/hdl/project/fgvr_test_new/scripts/run_pipeline.sh dog --uni_id compete_142710
2025-11-30 22:07:36,524 - PID:1636953 - INFO - 🔄 Bash script with uni_id compete_142710 will handle its own PID registration
2025-11-30 22:07:36,590 - PID:1636953 - INFO - [compete_142710] [0;32m[SUCCESS][0m Pipeline 已启动 (完全后台), PID=1639616
2025-11-30 22:07:36,591 - PID:1636953 - INFO - [compete_142710] [0;34m[INFO][0m 日志文件: /home/hdl/project/fgvr_test_new/logs/pipeline/dog120/pipeline_dog(13).log
2025-11-30 22:07:36,591 - PID:1636953 - INFO - [compete_142710] 实时查看日志: tail -f '/home/hdl/project/fgvr_test_new/logs/pipeline/dog120/pipeline_dog(13).log'
2025-11-30 22:07:36,591 - PID:1636953 - INFO - Command 3/3 completed successfully
2025-11-30 22:07:36,591 - PID:1636953 - INFO - Task completed on GPU 7: rm -rf {work_dir}/experiments/dog120/knowledge_base -> bash {work_dir}/scripts/set_hyperparameters.sh --experience_number 5 -> CUDA_VISIBLE_DEVICES={available_gpu} bash {work_dir}/scripts/run_pipeline.sh dog --uni_id {uni_id}
2025-11-30 22:07:36,642 - PID:1636953 - INFO - GPU 8: Available for task compete_867344. Memory: 34.86GB
2025-11-30 22:07:36,642 - PID:1636953 - INFO - 🚀 Starting queue 3 task compete_867344 on GPU 8
2025-11-30 22:07:36,642 - PID:1636953 - INFO - Starting task on GPU 8: rm -rf {work_dir}/experiments/bird200/knowledge_base -> bash {work_dir}/scripts/set_hyperparameters.sh --experience_number 50 -> CUDA_VISIBLE_DEVICES={available_gpu} bash {work_dir}/scripts/run_pipeline.sh bird --uni_id {uni_id}
2025-11-30 22:07:36,643 - PID:1636953 - INFO - Executing command 1/3 on GPU 8: rm -rf /home/hdl/project/fgvr_test_new/experiments/bird200/knowledge_base
2025-11-30 22:07:36,647 - PID:1636953 - INFO - Command 1/3 completed successfully
2025-11-30 22:07:36,647 - PID:1636953 - INFO - Executing command 2/3 on GPU 8: bash /home/hdl/project/fgvr_test_new/scripts/set_hyperparameters.sh --experience_number 50
2025-11-30 22:07:36,658 - PID:1636953 - INFO - [compete_867344] === 超参数设置脚本 ===
2025-11-30 22:07:36,658 - PID:1636953 - INFO - [compete_867344] 项目根目录: /home/hdl/project/fgvr_test_new
2025-11-30 22:07:36,659 - PID:1636953 - INFO - [compete_867344] 超参数文件: /home/hdl/project/fgvr_test_new/configs/hyperparameters.yaml
2025-11-30 22:07:36,659 - PID:1636953 - INFO - [compete_867344] 
2025-11-30 22:07:36,659 - PID:1636953 - INFO - [compete_867344] 使用命令行指定的经验条数: 50
2025-11-30 22:07:36,660 - PID:1636953 - INFO - [compete_867344] 
2025-11-30 22:07:36,660 - PID:1636953 - INFO - [compete_867344] 正在更新超参数文件: /home/hdl/project/fgvr_test_new/configs/hyperparameters.yaml
2025-11-30 22:07:36,697 - PID:1636953 - INFO - [compete_867344] ✅ 超参数更新成功: experience_base_max_number = 50
2025-11-30 22:07:36,698 - PID:1636953 - INFO - [compete_867344] 
2025-11-30 22:07:36,698 - PID:1636953 - INFO - [compete_867344] === 超参数设置完成 ===
2025-11-30 22:07:36,698 - PID:1636953 - INFO - Command 2/3 completed successfully
2025-11-30 22:07:36,698 - PID:1636953 - INFO - Executing command 3/3 on GPU 8: CUDA_VISIBLE_DEVICES=8 bash /home/hdl/project/fgvr_test_new/scripts/run_pipeline.sh bird --uni_id compete_867344
2025-11-30 22:07:36,699 - PID:1636953 - INFO - 🔄 Bash script with uni_id compete_867344 will handle its own PID registration
2025-11-30 22:07:36,770 - PID:1636953 - INFO - [compete_867344] [0;32m[SUCCESS][0m Pipeline 已启动 (完全后台), PID=1639749
2025-11-30 22:07:36,770 - PID:1636953 - INFO - [compete_867344] [0;34m[INFO][0m 日志文件: /home/hdl/project/fgvr_test_new/logs/pipeline/bird200/pipeline_bird(4).log
2025-11-30 22:07:36,770 - PID:1636953 - INFO - [compete_867344] 实时查看日志: tail -f '/home/hdl/project/fgvr_test_new/logs/pipeline/bird200/pipeline_bird(4).log'
2025-11-30 22:07:36,770 - PID:1636953 - INFO - Command 3/3 completed successfully
2025-11-30 22:07:36,770 - PID:1636953 - INFO - Task completed on GPU 8: rm -rf {work_dir}/experiments/bird200/knowledge_base -> bash {work_dir}/scripts/set_hyperparameters.sh --experience_number 50 -> CUDA_VISIBLE_DEVICES={available_gpu} bash {work_dir}/scripts/run_pipeline.sh bird --uni_id {uni_id}
2025-11-30 22:07:36,795 - PID:1636953 - INFO - 📈 Started 4 tasks: ['Queue 4', 'Queue 2', 'Queue 5', 'Queue 3']
2025-11-30 22:07:39,683 - PID:1636953 - INFO - === Task Status ===
2025-11-30 22:07:39,683 - PID:1636953 - INFO - Total Tasks: 14, Pending=8, Running(memory)=0, Running(actual)=4, Completed=5, Failed=1
2025-11-30 22:07:39,683 - PID:1636953 - INFO - === Queue Status ===
2025-11-30 22:07:39,683 - PID:1636953 - INFO - Queue 1: 🟢 IDLE, Pending=5, Running=0, Completed=0, Failed=0
2025-11-30 22:07:39,683 - PID:1636953 - INFO - Queue 2: 🔴 BUSY (process running), Pending=1, Running=0, Completed=1, Failed=0
2025-11-30 22:07:39,683 - PID:1636953 - INFO - Queue 3: 🔴 BUSY (process running), Pending=0, Running=0, Completed=2, Failed=0
2025-11-30 22:07:39,683 - PID:1636953 - INFO - Queue 4: 🔴 BUSY (process running), Pending=0, Running=0, Completed=1, Failed=0
2025-11-30 22:07:39,683 - PID:1636953 - INFO - Queue 5: 🔴 BUSY (process running), Pending=2, Running=0, Completed=1, Failed=0
2025-11-30 22:07:39,683 - PID:1636953 - INFO - Queue 6: 🟢 IDLE, Pending=0, Running=0, Completed=0, Failed=1
2025-11-30 22:07:39,683 - PID:1636953 - INFO - === GPU Status ===
2025-11-30 22:07:39,737 - PID:1636953 - INFO - GPU 0: ❌ Available=5.72GB, User Python Processes=0, Running Tasks=0
2025-11-30 22:07:39,790 - PID:1636953 - INFO - GPU 1: ❌ Available=4.67GB, User Python Processes=0, Running Tasks=0
2025-11-30 22:07:39,796 - PID:1636953 - WARNING - ⚠️ Could not find task for uni_id compete_583946
2025-11-30 22:07:39,797 - PID:1636953 - WARNING - ⚠️ Could not find task for uni_id compete_889606
2025-11-30 22:07:39,797 - PID:1636953 - WARNING - ⚠️ Could not find task for uni_id compete_909033
2025-11-30 22:07:39,798 - PID:1636953 - WARNING - ⚠️ Could not find task for uni_id compete_626564
2025-11-30 22:07:39,798 - PID:1636953 - WARNING - ⚠️ Could not find task for uni_id compete_121758
2025-11-30 22:07:39,798 - PID:1636953 - WARNING - ⚠️ Could not find task for uni_id compete_998809
2025-11-30 22:07:39,799 - PID:1636953 - WARNING - ⚠️ Could not find task for uni_id compete_527985
2025-11-30 22:07:39,843 - PID:1636953 - INFO - GPU 2: ❌ Available=4.38GB, User Python Processes=0, Running Tasks=0
2025-11-30 22:07:39,893 - PID:1636953 - INFO - GPU 3: ❌ Available=5.56GB, User Python Processes=1, Running Tasks=0
2025-11-30 22:07:39,893 - PID:1636953 - INFO -   User Python PIDs: [1427990]
2025-11-30 22:07:39,961 - PID:1636953 - INFO - GPU 4: ✅ Available=24.37GB, User Python Processes=0, Running Tasks=0
2025-11-30 22:07:39,968 - PID:1636953 - INFO - GPU 4: Available for task compete_144646. Memory: 24.37GB
2025-11-30 22:07:39,968 - PID:1636953 - INFO - 🚀 Starting queue 1 task compete_144646 on GPU 4
2025-11-30 22:07:39,968 - PID:1636953 - INFO - Starting task on GPU 4: rm -rf {work_dir}/experiments/car196/knowledge_base -> bash {work_dir}/scripts/set_hyperparameters.sh --experience_number 8 -> CUDA_VISIBLE_DEVICES={available_gpu} bash {work_dir}/scripts/run_pipeline.sh car --uni_id {uni_id}
2025-11-30 22:07:39,968 - PID:1636953 - INFO - 📈 Started 1 tasks: ['Queue 1']
2025-11-30 22:07:39,969 - PID:1636953 - INFO - Executing command 1/3 on GPU 4: rm -rf /home/hdl/project/fgvr_test_new/experiments/car196/knowledge_base
2025-11-30 22:07:39,971 - PID:1636953 - INFO - Command 1/3 completed successfully
2025-11-30 22:07:39,972 - PID:1636953 - INFO - Executing command 2/3 on GPU 4: bash /home/hdl/project/fgvr_test_new/scripts/set_hyperparameters.sh --experience_number 8
2025-11-30 22:07:39,978 - PID:1636953 - INFO - [compete_144646] === 超参数设置脚本 ===
2025-11-30 22:07:39,979 - PID:1636953 - INFO - [compete_144646] 项目根目录: /home/hdl/project/fgvr_test_new
2025-11-30 22:07:39,979 - PID:1636953 - INFO - [compete_144646] 超参数文件: /home/hdl/project/fgvr_test_new/configs/hyperparameters.yaml
2025-11-30 22:07:39,979 - PID:1636953 - INFO - [compete_144646] 
2025-11-30 22:07:39,979 - PID:1636953 - INFO - [compete_144646] 使用命令行指定的经验条数: 8
2025-11-30 22:07:39,980 - PID:1636953 - INFO - [compete_144646] 
2025-11-30 22:07:39,980 - PID:1636953 - INFO - [compete_144646] 正在更新超参数文件: /home/hdl/project/fgvr_test_new/configs/hyperparameters.yaml
2025-11-30 22:07:40,022 - PID:1636953 - INFO - [compete_144646] ✅ 超参数更新成功: experience_base_max_number = 8
2025-11-30 22:07:40,023 - PID:1636953 - INFO - [compete_144646] 
2025-11-30 22:07:40,023 - PID:1636953 - INFO - GPU 5: ❌ Available=4.16GB, User Python Processes=0, Running Tasks=0
2025-11-30 22:07:40,024 - PID:1636953 - INFO - [compete_144646] === 超参数设置完成 ===
2025-11-30 22:07:40,024 - PID:1636953 - INFO - Command 2/3 completed successfully
2025-11-30 22:07:40,024 - PID:1636953 - INFO - Executing command 3/3 on GPU 4: CUDA_VISIBLE_DEVICES=4 bash /home/hdl/project/fgvr_test_new/scripts/run_pipeline.sh car --uni_id compete_144646
2025-11-30 22:07:40,025 - PID:1636953 - INFO - 🔄 Bash script with uni_id compete_144646 will handle its own PID registration
2025-11-30 22:07:40,070 - PID:1636953 - INFO - [compete_144646] [0;32m[SUCCESS][0m Pipeline 已启动 (完全后台), PID=1640479
2025-11-30 22:07:40,071 - PID:1636953 - INFO - [compete_144646] [0;34m[INFO][0m 日志文件: /home/hdl/project/fgvr_test_new/logs/pipeline/car196/pipeline_car(10).log
2025-11-30 22:07:40,071 - PID:1636953 - INFO - [compete_144646] 实时查看日志: tail -f '/home/hdl/project/fgvr_test_new/logs/pipeline/car196/pipeline_car(10).log'
2025-11-30 22:07:40,071 - PID:1636953 - INFO - Command 3/3 completed successfully
2025-11-30 22:07:40,071 - PID:1636953 - INFO - Task completed on GPU 4: rm -rf {work_dir}/experiments/car196/knowledge_base -> bash {work_dir}/scripts/set_hyperparameters.sh --experience_number 8 -> CUDA_VISIBLE_DEVICES={available_gpu} bash {work_dir}/scripts/run_pipeline.sh car --uni_id {uni_id}
2025-11-30 22:07:40,076 - PID:1636953 - INFO - GPU 6: ✅ Available=39.89GB, User Python Processes=0, Running Tasks=0
2025-11-30 22:07:40,126 - PID:1636953 - INFO - GPU 7: ✅ Available=40.04GB, User Python Processes=0, Running Tasks=0
2025-11-30 22:07:40,177 - PID:1636953 - INFO - GPU 8: ✅ Available=34.86GB, User Python Processes=0, Running Tasks=0
2025-11-30 22:07:40,225 - PID:1636953 - INFO - GPU 9: ❌ Available=13.00GB, User Python Processes=0, Running Tasks=0
2025-11-30 22:07:40,226 - PID:1636953 - INFO - === Running Processes (from JSON) ===
2025-11-30 22:07:40,226 - PID:1636953 - INFO -   compete_558067: PID=1639780, Queue 2, GPU 6
2025-11-30 22:07:40,226 - PID:1636953 - INFO -   compete_566536: PID=1639695, Queue 4, GPU 4
2025-11-30 22:07:40,226 - PID:1636953 - INFO -   compete_867344: PID=1639864, Queue 3, GPU 8
2025-11-30 22:07:40,226 - PID:1636953 - INFO -   compete_144646: PID=1638233, Queue 1, GPU 4
2025-11-30 22:07:40,226 - PID:1636953 - INFO -   compete_142710: PID=1639783, Queue 5, GPU 7
2025-11-30 22:07:42,970 - PID:1636953 - WARNING - ⚠️ Could not find task for uni_id compete_583946
2025-11-30 22:07:42,970 - PID:1636953 - WARNING - ⚠️ Could not find task for uni_id compete_889606
2025-11-30 22:07:42,970 - PID:1636953 - WARNING - ⚠️ Could not find task for uni_id compete_909033
2025-11-30 22:07:42,971 - PID:1636953 - WARNING - ⚠️ Could not find task for uni_id compete_626564
2025-11-30 22:07:42,971 - PID:1636953 - WARNING - ⚠️ Could not find task for uni_id compete_121758
2025-11-30 22:07:42,971 - PID:1636953 - WARNING - ⚠️ Could not find task for uni_id compete_998809
2025-11-30 22:07:42,971 - PID:1636953 - WARNING - ⚠️ Could not find task for uni_id compete_527985
2025-11-30 22:07:47,974 - PID:1636953 - WARNING - ⚠️ Could not find task for uni_id compete_583946
2025-11-30 22:07:47,974 - PID:1636953 - WARNING - ⚠️ Could not find task for uni_id compete_889606
2025-11-30 22:07:47,974 - PID:1636953 - WARNING - ⚠️ Could not find task for uni_id compete_909033
2025-11-30 22:07:47,975 - PID:1636953 - WARNING - ⚠️ Could not find task for uni_id compete_626564
2025-11-30 22:07:47,975 - PID:1636953 - WARNING - ⚠️ Could not find task for uni_id compete_121758
2025-11-30 22:07:47,975 - PID:1636953 - WARNING - ⚠️ Could not find task for uni_id compete_998809
2025-11-30 22:07:47,975 - PID:1636953 - WARNING - ⚠️ Could not find task for uni_id compete_527985
2025-11-30 22:07:50,227 - PID:1636953 - INFO - === Task Status ===
2025-11-30 22:07:50,227 - PID:1636953 - INFO - Total Tasks: 14, Pending=7, Running(memory)=0, Running(actual)=5, Completed=6, Failed=1
2025-11-30 22:07:50,227 - PID:1636953 - INFO - === Queue Status ===
2025-11-30 22:07:50,227 - PID:1636953 - INFO - Queue 1: 🔴 BUSY (process running), Pending=4, Running=0, Completed=1, Failed=0
2025-11-30 22:07:50,227 - PID:1636953 - INFO - Queue 2: 🔴 BUSY (process running), Pending=1, Running=0, Completed=1, Failed=0
2025-11-30 22:07:50,227 - PID:1636953 - INFO - Queue 3: 🔴 BUSY (process running), Pending=0, Running=0, Completed=2, Failed=0
2025-11-30 22:07:50,228 - PID:1636953 - INFO - Queue 4: 🔴 BUSY (process running), Pending=0, Running=0, Completed=1, Failed=0
2025-11-30 22:07:50,228 - PID:1636953 - INFO - Queue 5: 🔴 BUSY (process running), Pending=2, Running=0, Completed=1, Failed=0
2025-11-30 22:07:50,228 - PID:1636953 - INFO - Queue 6: 🟢 IDLE, Pending=0, Running=0, Completed=0, Failed=1
2025-11-30 22:07:50,228 - PID:1636953 - INFO - === GPU Status ===
2025-11-30 22:07:50,285 - PID:1636953 - INFO - GPU 0: ❌ Available=5.72GB, User Python Processes=0, Running Tasks=0
2025-11-30 22:07:50,349 - PID:1636953 - INFO - GPU 1: ❌ Available=4.67GB, User Python Processes=0, Running Tasks=0
2025-11-30 22:07:50,408 - PID:1636953 - INFO - GPU 2: ❌ Available=4.38GB, User Python Processes=0, Running Tasks=0
2025-11-30 22:07:50,463 - PID:1636953 - INFO - GPU 3: ❌ Available=18.33GB, User Python Processes=1, Running Tasks=0
2025-11-30 22:07:50,463 - PID:1636953 - INFO -   User Python PIDs: [1427990]
2025-11-30 22:07:50,517 - PID:1636953 - INFO - GPU 4: ✅ Available=24.37GB, User Python Processes=0, Running Tasks=0
2025-11-30 22:07:50,573 - PID:1636953 - INFO - GPU 5: ❌ Available=4.16GB, User Python Processes=0, Running Tasks=0
2025-11-30 22:07:50,692 - PID:1636953 - INFO - GPU 6: ✅ Available=39.89GB, User Python Processes=0, Running Tasks=0
2025-11-30 22:07:50,764 - PID:1636953 - INFO - GPU 7: ✅ Available=40.04GB, User Python Processes=0, Running Tasks=0
2025-11-30 22:07:50,819 - PID:1636953 - INFO - GPU 8: ❌ Available=33.56GB, User Python Processes=4, Running Tasks=0
2025-11-30 22:07:50,819 - PID:1636953 - INFO -   User Python PIDs: [1639780, 1639695, 1639864, 1640543]
2025-11-30 22:07:50,876 - PID:1636953 - INFO - GPU 9: ❌ Available=13.00GB, User Python Processes=0, Running Tasks=0
2025-11-30 22:07:50,876 - PID:1636953 - INFO - === Running Processes (from JSON) ===
2025-11-30 22:07:50,876 - PID:1636953 - INFO -   compete_558067: PID=1639780, Queue 2, GPU 6
2025-11-30 22:07:50,876 - PID:1636953 - INFO -   compete_566536: PID=1639695, Queue 4, GPU 4
2025-11-30 22:07:50,876 - PID:1636953 - INFO -   compete_867344: PID=1639864, Queue 3, GPU 8
2025-11-30 22:07:50,877 - PID:1636953 - INFO -   compete_144646: PID=1640543, Queue 1, GPU 4
2025-11-30 22:07:50,877 - PID:1636953 - INFO -   compete_142710: PID=1639783, Queue 5, GPU 7
2025-11-30 22:07:52,976 - PID:1636953 - WARNING - ⚠️ Could not find task for uni_id compete_583946
2025-11-30 22:07:52,976 - PID:1636953 - WARNING - ⚠️ Could not find task for uni_id compete_889606
2025-11-30 22:07:52,977 - PID:1636953 - WARNING - ⚠️ Could not find task for uni_id compete_909033
2025-11-30 22:07:52,977 - PID:1636953 - WARNING - ⚠️ Could not find task for uni_id compete_626564
2025-11-30 22:07:52,977 - PID:1636953 - WARNING - ⚠️ Could not find task for uni_id compete_121758
2025-11-30 22:07:52,977 - PID:1636953 - WARNING - ⚠️ Could not find task for uni_id compete_998809
2025-11-30 22:07:52,978 - PID:1636953 - WARNING - ⚠️ Could not find task for uni_id compete_527985
2025-11-30 22:07:52,978 - PID:1636953 - INFO - 🔄 Incremented retry count: compete_558067 -> 2
2025-11-30 22:07:52,979 - PID:1636953 - INFO - 📝 Updated process state: compete_558067 -> running
2025-11-30 22:07:52,979 - PID:1636953 - INFO - 🔄 Retrying task compete_558067 (attempt 3)
2025-11-30 22:07:52,979 - PID:1636953 - INFO - 🔄 Incremented retry count: compete_566536 -> 2
2025-11-30 22:07:52,983 - PID:1636953 - INFO - 📝 Updated process state: compete_566536 -> running
2025-11-30 22:07:52,983 - PID:1636953 - INFO - 🔄 Retrying task compete_566536 (attempt 3)
2025-11-30 22:07:52,984 - PID:1636953 - INFO - 🔄 Incremented retry count: compete_867344 -> 2
2025-11-30 22:07:52,984 - PID:1636953 - INFO - 📝 Updated process state: compete_867344 -> running
2025-11-30 22:07:52,984 - PID:1636953 - INFO - 🔄 Retrying task compete_867344 (attempt 3)
2025-11-30 22:07:52,984 - PID:1636953 - INFO - 🔄 Incremented retry count: compete_144646 -> 2
2025-11-30 22:07:52,985 - PID:1636953 - INFO - 📝 Updated process state: compete_144646 -> running
2025-11-30 22:07:52,985 - PID:1636953 - INFO - 🔄 Retrying task compete_144646 (attempt 3)
2025-11-30 22:07:52,985 - PID:1636953 - INFO - 🔄 Incremented retry count: compete_142710 -> 2
2025-11-30 22:07:52,985 - PID:1636953 - INFO - 📝 Updated process state: compete_142710 -> running
2025-11-30 22:07:52,985 - PID:1636953 - INFO - 🔄 Retrying task compete_142710 (attempt 3)
2025-11-30 22:07:53,134 - PID:1636953 - INFO - GPU 4: Available for task compete_144646. Memory: 24.37GB
2025-11-30 22:07:53,135 - PID:1636953 - INFO - 🚀 Starting queue 1 task compete_144646 on GPU 4
2025-11-30 22:07:53,135 - PID:1636953 - INFO - Starting task on GPU 4: rm -rf {work_dir}/experiments/car196/knowledge_base -> bash {work_dir}/scripts/set_hyperparameters.sh --experience_number 8 -> CUDA_VISIBLE_DEVICES={available_gpu} bash {work_dir}/scripts/run_pipeline.sh car --uni_id {uni_id}
2025-11-30 22:07:53,136 - PID:1636953 - INFO - Executing command 1/3 on GPU 4: rm -rf /home/hdl/project/fgvr_test_new/experiments/car196/knowledge_base
2025-11-30 22:07:53,140 - PID:1636953 - INFO - Command 1/3 completed successfully
2025-11-30 22:07:53,140 - PID:1636953 - INFO - Executing command 2/3 on GPU 4: bash /home/hdl/project/fgvr_test_new/scripts/set_hyperparameters.sh --experience_number 8
2025-11-30 22:07:53,150 - PID:1636953 - INFO - [compete_144646] === 超参数设置脚本 ===
2025-11-30 22:07:53,150 - PID:1636953 - INFO - [compete_144646] 项目根目录: /home/hdl/project/fgvr_test_new
2025-11-30 22:07:53,150 - PID:1636953 - INFO - [compete_144646] 超参数文件: /home/hdl/project/fgvr_test_new/configs/hyperparameters.yaml
2025-11-30 22:07:53,150 - PID:1636953 - INFO - [compete_144646] 
2025-11-30 22:07:53,150 - PID:1636953 - INFO - [compete_144646] 使用命令行指定的经验条数: 8
2025-11-30 22:07:53,151 - PID:1636953 - INFO - [compete_144646] 
2025-11-30 22:07:53,151 - PID:1636953 - INFO - [compete_144646] 正在更新超参数文件: /home/hdl/project/fgvr_test_new/configs/hyperparameters.yaml
2025-11-30 22:07:53,205 - PID:1636953 - INFO - [compete_144646] ✅ 超参数更新成功: experience_base_max_number = 8
2025-11-30 22:07:53,205 - PID:1636953 - INFO - [compete_144646] 
2025-11-30 22:07:53,205 - PID:1636953 - INFO - [compete_144646] === 超参数设置完成 ===
2025-11-30 22:07:53,205 - PID:1636953 - INFO - Command 2/3 completed successfully
2025-11-30 22:07:53,206 - PID:1636953 - INFO - Executing command 3/3 on GPU 4: CUDA_VISIBLE_DEVICES=4 bash /home/hdl/project/fgvr_test_new/scripts/run_pipeline.sh car --uni_id compete_144646
2025-11-30 22:07:53,206 - PID:1636953 - INFO - 🔄 Bash script with uni_id compete_144646 will handle its own PID registration
2025-11-30 22:07:53,278 - PID:1636953 - INFO - [compete_144646] [0;32m[SUCCESS][0m Pipeline 已启动 (完全后台), PID=1641401
2025-11-30 22:07:53,278 - PID:1636953 - INFO - [compete_144646] [0;34m[INFO][0m 日志文件: /home/hdl/project/fgvr_test_new/logs/pipeline/car196/pipeline_car(11).log
2025-11-30 22:07:53,279 - PID:1636953 - INFO - [compete_144646] 实时查看日志: tail -f '/home/hdl/project/fgvr_test_new/logs/pipeline/car196/pipeline_car(11).log'
2025-11-30 22:07:53,279 - PID:1636953 - INFO - Command 3/3 completed successfully
2025-11-30 22:07:53,279 - PID:1636953 - INFO - Task completed on GPU 4: rm -rf {work_dir}/experiments/car196/knowledge_base -> bash {work_dir}/scripts/set_hyperparameters.sh --experience_number 8 -> CUDA_VISIBLE_DEVICES={available_gpu} bash {work_dir}/scripts/run_pipeline.sh car --uni_id {uni_id}
2025-11-30 22:07:53,314 - PID:1636953 - INFO - GPU 6: Available for task compete_867344. Memory: 39.89GB
2025-11-30 22:07:53,314 - PID:1636953 - INFO - 🚀 Starting queue 3 task compete_867344 on GPU 6
2025-11-30 22:07:53,315 - PID:1636953 - INFO - Starting task on GPU 6: rm -rf {work_dir}/experiments/bird200/knowledge_base -> bash {work_dir}/scripts/set_hyperparameters.sh --experience_number 50 -> CUDA_VISIBLE_DEVICES={available_gpu} bash {work_dir}/scripts/run_pipeline.sh bird --uni_id {uni_id}
2025-11-30 22:07:53,315 - PID:1636953 - INFO - Executing command 1/3 on GPU 6: rm -rf /home/hdl/project/fgvr_test_new/experiments/bird200/knowledge_base
2025-11-30 22:07:53,318 - PID:1636953 - INFO - Command 1/3 completed successfully
2025-11-30 22:07:53,318 - PID:1636953 - INFO - Executing command 2/3 on GPU 6: bash /home/hdl/project/fgvr_test_new/scripts/set_hyperparameters.sh --experience_number 50
2025-11-30 22:07:53,327 - PID:1636953 - INFO - [compete_867344] === 超参数设置脚本 ===
2025-11-30 22:07:53,327 - PID:1636953 - INFO - [compete_867344] 项目根目录: /home/hdl/project/fgvr_test_new
2025-11-30 22:07:53,327 - PID:1636953 - INFO - [compete_867344] 超参数文件: /home/hdl/project/fgvr_test_new/configs/hyperparameters.yaml
2025-11-30 22:07:53,328 - PID:1636953 - INFO - [compete_867344] 
2025-11-30 22:07:53,328 - PID:1636953 - INFO - [compete_867344] 使用命令行指定的经验条数: 50
2025-11-30 22:07:53,329 - PID:1636953 - INFO - [compete_867344] 
2025-11-30 22:07:53,329 - PID:1636953 - INFO - [compete_867344] 正在更新超参数文件: /home/hdl/project/fgvr_test_new/configs/hyperparameters.yaml
2025-11-30 22:07:53,398 - PID:1636953 - INFO - [compete_867344] ✅ 超参数更新成功: experience_base_max_number = 50
2025-11-30 22:07:53,398 - PID:1636953 - INFO - [compete_867344] 
2025-11-30 22:07:53,398 - PID:1636953 - INFO - [compete_867344] === 超参数设置完成 ===
2025-11-30 22:07:53,398 - PID:1636953 - INFO - Command 2/3 completed successfully
2025-11-30 22:07:53,398 - PID:1636953 - INFO - Executing command 3/3 on GPU 6: CUDA_VISIBLE_DEVICES=6 bash /home/hdl/project/fgvr_test_new/scripts/run_pipeline.sh bird --uni_id compete_867344
2025-11-30 22:07:53,399 - PID:1636953 - INFO - 🔄 Bash script with uni_id compete_867344 will handle its own PID registration
2025-11-30 22:07:53,467 - PID:1636953 - INFO - [compete_867344] [0;32m[SUCCESS][0m Pipeline 已启动 (完全后台), PID=1641525
2025-11-30 22:07:53,468 - PID:1636953 - INFO - [compete_867344] [0;34m[INFO][0m 日志文件: /home/hdl/project/fgvr_test_new/logs/pipeline/bird200/pipeline_bird(5).log
2025-11-30 22:07:53,468 - PID:1636953 - INFO - [compete_867344] 实时查看日志: tail -f '/home/hdl/project/fgvr_test_new/logs/pipeline/bird200/pipeline_bird(5).log'
2025-11-30 22:07:53,468 - PID:1636953 - INFO - Command 3/3 completed successfully
2025-11-30 22:07:53,468 - PID:1636953 - INFO - Task completed on GPU 6: rm -rf {work_dir}/experiments/bird200/knowledge_base -> bash {work_dir}/scripts/set_hyperparameters.sh --experience_number 50 -> CUDA_VISIBLE_DEVICES={available_gpu} bash {work_dir}/scripts/run_pipeline.sh bird --uni_id {uni_id}
2025-11-30 22:07:53,496 - PID:1636953 - INFO - GPU 7: Available for task compete_566536. Memory: 40.04GB
2025-11-30 22:07:53,496 - PID:1636953 - INFO - 🚀 Starting queue 4 task compete_566536 on GPU 7
2025-11-30 22:07:53,496 - PID:1636953 - INFO - Starting task on GPU 7: bash {work_dir}/scripts/set_hyperparameters.sh --experience_number 8 -> CUDA_VISIBLE_DEVICES={available_gpu} bash {work_dir}/scripts/run_pipeline.sh imagenet_v2 --uni_id {uni_id}
2025-11-30 22:07:53,497 - PID:1636953 - INFO - Executing command 1/2 on GPU 7: bash /home/hdl/project/fgvr_test_new/scripts/set_hyperparameters.sh --experience_number 8
2025-11-30 22:07:53,507 - PID:1636953 - INFO - [compete_566536] === 超参数设置脚本 ===
2025-11-30 22:07:53,507 - PID:1636953 - INFO - [compete_566536] 项目根目录: /home/hdl/project/fgvr_test_new
2025-11-30 22:07:53,507 - PID:1636953 - INFO - [compete_566536] 超参数文件: /home/hdl/project/fgvr_test_new/configs/hyperparameters.yaml
2025-11-30 22:07:53,507 - PID:1636953 - INFO - [compete_566536] 
2025-11-30 22:07:53,508 - PID:1636953 - INFO - [compete_566536] 使用命令行指定的经验条数: 8
2025-11-30 22:07:53,508 - PID:1636953 - INFO - [compete_566536] 
2025-11-30 22:07:53,508 - PID:1636953 - INFO - [compete_566536] 正在更新超参数文件: /home/hdl/project/fgvr_test_new/configs/hyperparameters.yaml
2025-11-30 22:07:53,572 - PID:1636953 - INFO - [compete_566536] ✅ 超参数更新成功: experience_base_max_number = 8
2025-11-30 22:07:53,572 - PID:1636953 - INFO - [compete_566536] 
2025-11-30 22:07:53,572 - PID:1636953 - INFO - [compete_566536] === 超参数设置完成 ===
2025-11-30 22:07:53,572 - PID:1636953 - INFO - Command 1/2 completed successfully
2025-11-30 22:07:53,573 - PID:1636953 - INFO - Executing command 2/2 on GPU 7: CUDA_VISIBLE_DEVICES=7 bash /home/hdl/project/fgvr_test_new/scripts/run_pipeline.sh imagenet_v2 --uni_id compete_566536
2025-11-30 22:07:53,573 - PID:1636953 - INFO - 🔄 Bash script with uni_id compete_566536 will handle its own PID registration
2025-11-30 22:07:53,633 - PID:1636953 - INFO - [compete_566536] [0;32m[SUCCESS][0m Pipeline 已启动 (完全后台), PID=1641650
2025-11-30 22:07:53,634 - PID:1636953 - INFO - [compete_566536] [0;34m[INFO][0m 日志文件: /home/hdl/project/fgvr_test_new/logs/pipeline/imagenet_v2_1000/pipeline_imagenet_v2(6).log
2025-11-30 22:07:53,634 - PID:1636953 - INFO - [compete_566536] 实时查看日志: tail -f '/home/hdl/project/fgvr_test_new/logs/pipeline/imagenet_v2_1000/pipeline_imagenet_v2(6).log'
2025-11-30 22:07:53,634 - PID:1636953 - INFO - Command 2/2 completed successfully
2025-11-30 22:07:53,634 - PID:1636953 - INFO - Task completed on GPU 7: bash {work_dir}/scripts/set_hyperparameters.sh --experience_number 8 -> CUDA_VISIBLE_DEVICES={available_gpu} bash {work_dir}/scripts/run_pipeline.sh imagenet_v2 --uni_id {uni_id}
2025-11-30 22:07:53,675 - PID:1636953 - INFO - GPU 8: Available for task compete_142710. Memory: 34.86GB
2025-11-30 22:07:53,675 - PID:1636953 - INFO - 🚀 Starting queue 5 task compete_142710 on GPU 8
2025-11-30 22:07:53,675 - PID:1636953 - INFO - Starting task on GPU 8: rm -rf {work_dir}/experiments/dog120/knowledge_base -> bash {work_dir}/scripts/set_hyperparameters.sh --experience_number 5 -> CUDA_VISIBLE_DEVICES={available_gpu} bash {work_dir}/scripts/run_pipeline.sh dog --uni_id {uni_id}
2025-11-30 22:07:53,676 - PID:1636953 - INFO - Executing command 1/3 on GPU 8: rm -rf /home/hdl/project/fgvr_test_new/experiments/dog120/knowledge_base
2025-11-30 22:07:53,680 - PID:1636953 - INFO - Command 1/3 completed successfully
2025-11-30 22:07:53,680 - PID:1636953 - INFO - Executing command 2/3 on GPU 8: bash /home/hdl/project/fgvr_test_new/scripts/set_hyperparameters.sh --experience_number 5
2025-11-30 22:07:53,691 - PID:1636953 - INFO - [compete_142710] === 超参数设置脚本 ===
2025-11-30 22:07:53,691 - PID:1636953 - INFO - [compete_142710] 项目根目录: /home/hdl/project/fgvr_test_new
2025-11-30 22:07:53,691 - PID:1636953 - INFO - [compete_142710] 超参数文件: /home/hdl/project/fgvr_test_new/configs/hyperparameters.yaml
2025-11-30 22:07:53,691 - PID:1636953 - INFO - [compete_142710] 
2025-11-30 22:07:53,692 - PID:1636953 - INFO - [compete_142710] 使用命令行指定的经验条数: 5
2025-11-30 22:07:53,692 - PID:1636953 - INFO - [compete_142710] 
2025-11-30 22:07:53,692 - PID:1636953 - INFO - [compete_142710] 正在更新超参数文件: /home/hdl/project/fgvr_test_new/configs/hyperparameters.yaml
2025-11-30 22:07:53,730 - PID:1636953 - INFO - [compete_142710] ✅ 超参数更新成功: experience_base_max_number = 5
2025-11-30 22:07:53,731 - PID:1636953 - INFO - [compete_142710] 
2025-11-30 22:07:53,731 - PID:1636953 - INFO - [compete_142710] === 超参数设置完成 ===
2025-11-30 22:07:53,731 - PID:1636953 - INFO - Command 2/3 completed successfully
2025-11-30 22:07:53,731 - PID:1636953 - INFO - Executing command 3/3 on GPU 8: CUDA_VISIBLE_DEVICES=8 bash /home/hdl/project/fgvr_test_new/scripts/run_pipeline.sh dog --uni_id compete_142710
2025-11-30 22:07:53,732 - PID:1636953 - INFO - 🔄 Bash script with uni_id compete_142710 will handle its own PID registration
2025-11-30 22:07:53,795 - PID:1636953 - INFO - [compete_142710] [0;32m[SUCCESS][0m Pipeline 已启动 (完全后台), PID=1641780
2025-11-30 22:07:53,795 - PID:1636953 - INFO - [compete_142710] [0;34m[INFO][0m 日志文件: /home/hdl/project/fgvr_test_new/logs/pipeline/dog120/pipeline_dog(14).log
2025-11-30 22:07:53,795 - PID:1636953 - INFO - [compete_142710] 实时查看日志: tail -f '/home/hdl/project/fgvr_test_new/logs/pipeline/dog120/pipeline_dog(14).log'
2025-11-30 22:07:53,795 - PID:1636953 - INFO - Command 3/3 completed successfully
2025-11-30 22:07:53,795 - PID:1636953 - INFO - Task completed on GPU 8: rm -rf {work_dir}/experiments/dog120/knowledge_base -> bash {work_dir}/scripts/set_hyperparameters.sh --experience_number 5 -> CUDA_VISIBLE_DEVICES={available_gpu} bash {work_dir}/scripts/run_pipeline.sh dog --uni_id {uni_id}
2025-11-30 22:07:53,835 - PID:1636953 - INFO - 📈 Started 4 tasks: ['Queue 1', 'Queue 3', 'Queue 4', 'Queue 5']
2025-11-30 22:07:56,836 - PID:1636953 - WARNING - ⚠️ Could not find task for uni_id compete_583946
2025-11-30 22:07:56,837 - PID:1636953 - WARNING - ⚠️ Could not find task for uni_id compete_889606
2025-11-30 22:07:56,837 - PID:1636953 - WARNING - ⚠️ Could not find task for uni_id compete_909033
2025-11-30 22:07:56,837 - PID:1636953 - WARNING - ⚠️ Could not find task for uni_id compete_626564
2025-11-30 22:07:56,838 - PID:1636953 - WARNING - ⚠️ Could not find task for uni_id compete_121758
2025-11-30 22:07:56,838 - PID:1636953 - WARNING - ⚠️ Could not find task for uni_id compete_998809
2025-11-30 22:07:56,838 - PID:1636953 - WARNING - ⚠️ Could not find task for uni_id compete_527985
2025-11-30 22:07:57,001 - PID:1636953 - INFO - GPU 4: Available for task compete_558067. Memory: 24.37GB
2025-11-30 22:07:57,001 - PID:1636953 - INFO - 🚀 Starting queue 2 task compete_558067 on GPU 4
2025-11-30 22:07:57,001 - PID:1636953 - INFO - Starting task on GPU 4: rm -rf {work_dir}/experiments/flower102/knowledge_base -> bash {work_dir}/scripts/set_hyperparameters.sh --experience_number 15 -> CUDA_VISIBLE_DEVICES={available_gpu} bash {work_dir}/scripts/run_pipeline.sh flower --uni_id {uni_id}
2025-11-30 22:07:57,002 - PID:1636953 - INFO - Executing command 1/3 on GPU 4: rm -rf /home/hdl/project/fgvr_test_new/experiments/flower102/knowledge_base
2025-11-30 22:07:57,004 - PID:1636953 - INFO - Command 1/3 completed successfully
2025-11-30 22:07:57,004 - PID:1636953 - INFO - Executing command 2/3 on GPU 4: bash /home/hdl/project/fgvr_test_new/scripts/set_hyperparameters.sh --experience_number 15
2025-11-30 22:07:57,009 - PID:1636953 - INFO - [compete_558067] === 超参数设置脚本 ===
2025-11-30 22:07:57,009 - PID:1636953 - INFO - [compete_558067] 项目根目录: /home/hdl/project/fgvr_test_new
2025-11-30 22:07:57,009 - PID:1636953 - INFO - [compete_558067] 超参数文件: /home/hdl/project/fgvr_test_new/configs/hyperparameters.yaml
2025-11-30 22:07:57,009 - PID:1636953 - INFO - [compete_558067] 
2025-11-30 22:07:57,009 - PID:1636953 - INFO - [compete_558067] 使用命令行指定的经验条数: 15
2025-11-30 22:07:57,009 - PID:1636953 - INFO - [compete_558067] 
2025-11-30 22:07:57,009 - PID:1636953 - INFO - [compete_558067] 正在更新超参数文件: /home/hdl/project/fgvr_test_new/configs/hyperparameters.yaml
2025-11-30 22:07:57,072 - PID:1636953 - INFO - [compete_558067] ✅ 超参数更新成功: experience_base_max_number = 15
2025-11-30 22:07:57,073 - PID:1636953 - INFO - [compete_558067] 
2025-11-30 22:07:57,073 - PID:1636953 - INFO - [compete_558067] === 超参数设置完成 ===
2025-11-30 22:07:57,073 - PID:1636953 - INFO - Command 2/3 completed successfully
2025-11-30 22:07:57,073 - PID:1636953 - INFO - Executing command 3/3 on GPU 4: CUDA_VISIBLE_DEVICES=4 bash /home/hdl/project/fgvr_test_new/scripts/run_pipeline.sh flower --uni_id compete_558067
2025-11-30 22:07:57,074 - PID:1636953 - INFO - 🔄 Bash script with uni_id compete_558067 will handle its own PID registration
2025-11-30 22:07:57,140 - PID:1636953 - INFO - [compete_558067] [0;32m[SUCCESS][0m Pipeline 已启动 (完全后台), PID=1642237
2025-11-30 22:07:57,140 - PID:1636953 - INFO - [compete_558067] [0;34m[INFO][0m 日志文件: /home/hdl/project/fgvr_test_new/logs/pipeline/flower102/pipeline_flower(6).log
2025-11-30 22:07:57,140 - PID:1636953 - INFO - [compete_558067] 实时查看日志: tail -f '/home/hdl/project/fgvr_test_new/logs/pipeline/flower102/pipeline_flower(6).log'
2025-11-30 22:07:57,140 - PID:1636953 - INFO - Command 3/3 completed successfully
2025-11-30 22:07:57,140 - PID:1636953 - INFO - Task completed on GPU 4: rm -rf {work_dir}/experiments/flower102/knowledge_base -> bash {work_dir}/scripts/set_hyperparameters.sh --experience_number 15 -> CUDA_VISIBLE_DEVICES={available_gpu} bash {work_dir}/scripts/run_pipeline.sh flower --uni_id {uni_id}
2025-11-30 22:07:57,180 - PID:1636953 - INFO - GPU 6: Available for task compete_166041. Memory: 39.89GB
2025-11-30 22:07:57,181 - PID:1636953 - INFO - 🚀 Starting queue 1 task compete_166041 on GPU 6
2025-11-30 22:07:57,181 - PID:1636953 - INFO - Starting task on GPU 6: rm -rf {work_dir}/experiments/car196/knowledge_base -> bash {work_dir}/scripts/set_hyperparameters.sh --experience_number 5 -> CUDA_VISIBLE_DEVICES={available_gpu} bash {work_dir}/scripts/run_pipeline.sh car --uni_id {uni_id}
2025-11-30 22:07:57,181 - PID:1636953 - INFO - 📈 Started 2 tasks: ['Queue 2', 'Queue 1']
2025-11-30 22:07:57,182 - PID:1636953 - INFO - Executing command 1/3 on GPU 6: rm -rf /home/hdl/project/fgvr_test_new/experiments/car196/knowledge_base
2025-11-30 22:07:57,186 - PID:1636953 - INFO - Command 1/3 completed successfully
2025-11-30 22:07:57,186 - PID:1636953 - INFO - Executing command 2/3 on GPU 6: bash /home/hdl/project/fgvr_test_new/scripts/set_hyperparameters.sh --experience_number 5
2025-11-30 22:07:57,197 - PID:1636953 - INFO - [compete_166041] === 超参数设置脚本 ===
2025-11-30 22:07:57,197 - PID:1636953 - INFO - [compete_166041] 项目根目录: /home/hdl/project/fgvr_test_new
2025-11-30 22:07:57,197 - PID:1636953 - INFO - [compete_166041] 超参数文件: /home/hdl/project/fgvr_test_new/configs/hyperparameters.yaml
2025-11-30 22:07:57,197 - PID:1636953 - INFO - [compete_166041] 
2025-11-30 22:07:57,197 - PID:1636953 - INFO - [compete_166041] 使用命令行指定的经验条数: 5
2025-11-30 22:07:57,197 - PID:1636953 - INFO - [compete_166041] 
2025-11-30 22:07:57,197 - PID:1636953 - INFO - [compete_166041] 正在更新超参数文件: /home/hdl/project/fgvr_test_new/configs/hyperparameters.yaml
2025-11-30 22:07:57,247 - PID:1636953 - INFO - [compete_166041] ✅ 超参数更新成功: experience_base_max_number = 5
2025-11-30 22:07:57,247 - PID:1636953 - INFO - [compete_166041] 
2025-11-30 22:07:57,247 - PID:1636953 - INFO - [compete_166041] === 超参数设置完成 ===
2025-11-30 22:07:57,248 - PID:1636953 - INFO - Command 2/3 completed successfully
2025-11-30 22:07:57,248 - PID:1636953 - INFO - Executing command 3/3 on GPU 6: CUDA_VISIBLE_DEVICES=6 bash /home/hdl/project/fgvr_test_new/scripts/run_pipeline.sh car --uni_id compete_166041
2025-11-30 22:07:57,249 - PID:1636953 - INFO - 🔄 Bash script with uni_id compete_166041 will handle its own PID registration
2025-11-30 22:07:57,314 - PID:1636953 - INFO - [compete_166041] [0;32m[SUCCESS][0m Pipeline 已启动 (完全后台), PID=1642359
2025-11-30 22:07:57,314 - PID:1636953 - INFO - [compete_166041] [0;34m[INFO][0m 日志文件: /home/hdl/project/fgvr_test_new/logs/pipeline/car196/pipeline_car(12).log
2025-11-30 22:07:57,314 - PID:1636953 - INFO - [compete_166041] 实时查看日志: tail -f '/home/hdl/project/fgvr_test_new/logs/pipeline/car196/pipeline_car(12).log'
2025-11-30 22:07:57,314 - PID:1636953 - INFO - Command 3/3 completed successfully
2025-11-30 22:07:57,314 - PID:1636953 - INFO - Task completed on GPU 6: rm -rf {work_dir}/experiments/car196/knowledge_base -> bash {work_dir}/scripts/set_hyperparameters.sh --experience_number 5 -> CUDA_VISIBLE_DEVICES={available_gpu} bash {work_dir}/scripts/run_pipeline.sh car --uni_id {uni_id}
2025-11-30 22:08:00,182 - PID:1636953 - WARNING - ⚠️ Could not find task for uni_id compete_583946
2025-11-30 22:08:00,182 - PID:1636953 - WARNING - ⚠️ Could not find task for uni_id compete_889606
2025-11-30 22:08:00,182 - PID:1636953 - WARNING - ⚠️ Could not find task for uni_id compete_909033
2025-11-30 22:08:00,183 - PID:1636953 - WARNING - ⚠️ Could not find task for uni_id compete_626564
2025-11-30 22:08:00,183 - PID:1636953 - WARNING - ⚠️ Could not find task for uni_id compete_121758
2025-11-30 22:08:00,183 - PID:1636953 - WARNING - ⚠️ Could not find task for uni_id compete_998809
2025-11-30 22:08:00,183 - PID:1636953 - WARNING - ⚠️ Could not find task for uni_id compete_527985
2025-11-30 22:08:00,332 - PID:1636953 - INFO - GPU 4: Available for task compete_210483. Memory: 24.37GB
2025-11-30 22:08:00,333 - PID:1636953 - INFO - 🚀 Starting queue 2 task compete_210483 on GPU 4
2025-11-30 22:08:00,333 - PID:1636953 - INFO - Starting task on GPU 4: rm -rf {work_dir}/experiments/flower102/knowledge_base -> bash {work_dir}/scripts/set_hyperparameters.sh --experience_number 5 -> CUDA_VISIBLE_DEVICES={available_gpu} bash {work_dir}/scripts/run_pipeline.sh flower --uni_id {uni_id}
2025-11-30 22:08:00,333 - PID:1636953 - INFO - 📈 Started 1 tasks: ['Queue 2']
2025-11-30 22:08:00,333 - PID:1636953 - INFO - Executing command 1/3 on GPU 4: rm -rf /home/hdl/project/fgvr_test_new/experiments/flower102/knowledge_base
2025-11-30 22:08:00,336 - PID:1636953 - INFO - Command 1/3 completed successfully
2025-11-30 22:08:00,336 - PID:1636953 - INFO - Executing command 2/3 on GPU 4: bash /home/hdl/project/fgvr_test_new/scripts/set_hyperparameters.sh --experience_number 5
2025-11-30 22:08:00,343 - PID:1636953 - INFO - [compete_210483] === 超参数设置脚本 ===
2025-11-30 22:08:00,343 - PID:1636953 - INFO - [compete_210483] 项目根目录: /home/hdl/project/fgvr_test_new
2025-11-30 22:08:00,343 - PID:1636953 - INFO - [compete_210483] 超参数文件: /home/hdl/project/fgvr_test_new/configs/hyperparameters.yaml
2025-11-30 22:08:00,343 - PID:1636953 - INFO - [compete_210483] 
2025-11-30 22:08:00,343 - PID:1636953 - INFO - [compete_210483] 使用命令行指定的经验条数: 5
2025-11-30 22:08:00,344 - PID:1636953 - INFO - [compete_210483] 
2025-11-30 22:08:00,344 - PID:1636953 - INFO - [compete_210483] 正在更新超参数文件: /home/hdl/project/fgvr_test_new/configs/hyperparameters.yaml
2025-11-30 22:08:00,391 - PID:1636953 - INFO - [compete_210483] ✅ 超参数更新成功: experience_base_max_number = 5
2025-11-30 22:08:00,391 - PID:1636953 - INFO - [compete_210483] 
2025-11-30 22:08:00,391 - PID:1636953 - INFO - [compete_210483] === 超参数设置完成 ===
2025-11-30 22:08:00,391 - PID:1636953 - INFO - Command 2/3 completed successfully
2025-11-30 22:08:00,391 - PID:1636953 - INFO - Executing command 3/3 on GPU 4: CUDA_VISIBLE_DEVICES=4 bash /home/hdl/project/fgvr_test_new/scripts/run_pipeline.sh flower --uni_id compete_210483
2025-11-30 22:08:00,392 - PID:1636953 - INFO - 🔄 Bash script with uni_id compete_210483 will handle its own PID registration
2025-11-30 22:08:00,439 - PID:1636953 - INFO - [compete_210483] [0;32m[SUCCESS][0m Pipeline 已启动 (完全后台), PID=1642736
2025-11-30 22:08:00,439 - PID:1636953 - INFO - [compete_210483] [0;34m[INFO][0m 日志文件: /home/hdl/project/fgvr_test_new/logs/pipeline/flower102/pipeline_flower(7).log
2025-11-30 22:08:00,439 - PID:1636953 - INFO - [compete_210483] 实时查看日志: tail -f '/home/hdl/project/fgvr_test_new/logs/pipeline/flower102/pipeline_flower(7).log'
2025-11-30 22:08:00,439 - PID:1636953 - INFO - Command 3/3 completed successfully
2025-11-30 22:08:00,439 - PID:1636953 - INFO - Task completed on GPU 4: rm -rf {work_dir}/experiments/flower102/knowledge_base -> bash {work_dir}/scripts/set_hyperparameters.sh --experience_number 5 -> CUDA_VISIBLE_DEVICES={available_gpu} bash {work_dir}/scripts/run_pipeline.sh flower --uni_id {uni_id}
2025-11-30 22:08:00,877 - PID:1636953 - INFO - === Task Status ===
2025-11-30 22:08:00,878 - PID:1636953 - INFO - Total Tasks: 14, Pending=5, Running(memory)=0, Running(actual)=3, Completed=8, Failed=1
2025-11-30 22:08:00,878 - PID:1636953 - INFO - === Queue Status ===
2025-11-30 22:08:00,878 - PID:1636953 - INFO - Queue 1: 🔴 BUSY (process running), Pending=3, Running=0, Completed=2, Failed=0
2025-11-30 22:08:00,878 - PID:1636953 - INFO - Queue 2: 🟢 IDLE, Pending=0, Running=0, Completed=2, Failed=0
2025-11-30 22:08:00,878 - PID:1636953 - INFO - Queue 3: 🟢 IDLE, Pending=0, Running=0, Completed=2, Failed=0
2025-11-30 22:08:00,878 - PID:1636953 - INFO - Queue 4: 🔴 BUSY (process running), Pending=0, Running=0, Completed=1, Failed=0
2025-11-30 22:08:00,878 - PID:1636953 - INFO - Queue 5: 🔴 BUSY (process running), Pending=2, Running=0, Completed=1, Failed=0
2025-11-30 22:08:00,878 - PID:1636953 - INFO - Queue 6: 🟢 IDLE, Pending=0, Running=0, Completed=0, Failed=1
2025-11-30 22:08:00,878 - PID:1636953 - INFO - === GPU Status ===
2025-11-30 22:08:00,999 - PID:1636953 - INFO - GPU 0: ❌ Available=5.72GB, User Python Processes=0, Running Tasks=0
2025-11-30 22:08:01,068 - PID:1636953 - INFO - GPU 1: ❌ Available=4.67GB, User Python Processes=0, Running Tasks=0
2025-11-30 22:08:01,125 - PID:1636953 - INFO - GPU 2: ❌ Available=4.38GB, User Python Processes=0, Running Tasks=0
2025-11-30 22:08:01,177 - PID:1636953 - INFO - GPU 3: ❌ Available=18.33GB, User Python Processes=1, Running Tasks=0
2025-11-30 22:08:01,177 - PID:1636953 - INFO -   User Python PIDs: [1427990]
2025-11-30 22:08:01,228 - PID:1636953 - INFO - GPU 4: ✅ Available=24.37GB, User Python Processes=0, Running Tasks=0
2025-11-30 22:08:01,285 - PID:1636953 - INFO - GPU 5: ❌ Available=4.16GB, User Python Processes=0, Running Tasks=0
2025-11-30 22:08:01,338 - PID:1636953 - INFO - GPU 6: ✅ Available=39.89GB, User Python Processes=0, Running Tasks=0
2025-11-30 22:08:01,391 - PID:1636953 - INFO - GPU 7: ✅ Available=40.04GB, User Python Processes=0, Running Tasks=0
2025-11-30 22:08:01,450 - PID:1636953 - INFO - GPU 8: ❌ Available=26.74GB, User Python Processes=2, Running Tasks=0
2025-11-30 22:08:01,450 - PID:1636953 - INFO -   User Python PIDs: [1641811, 1641824]
2025-11-30 22:08:01,503 - PID:1636953 - INFO - GPU 9: ❌ Available=13.00GB, User Python Processes=0, Running Tasks=0
2025-11-30 22:08:01,503 - PID:1636953 - INFO - === Running Processes (from JSON) ===
2025-11-30 22:08:01,504 - PID:1636953 - INFO -   compete_558067: PID=1639780, Queue 2, GPU 4
2025-11-30 22:08:01,504 - PID:1636953 - INFO -   compete_566536: PID=1641811, Queue 4, GPU 7
2025-11-30 22:08:01,504 - PID:1636953 - INFO -   compete_867344: PID=1639864, Queue 3, GPU 6
2025-11-30 22:08:01,504 - PID:1636953 - INFO -   compete_144646: PID=1640543, Queue 1, GPU 4
2025-11-30 22:08:01,504 - PID:1636953 - INFO -   compete_142710: PID=1641824, Queue 5, GPU 8
2025-11-30 22:08:01,504 - PID:1636953 - INFO -   compete_166041: PID=1642390, Queue 1, GPU 6
2025-11-30 22:08:01,504 - PID:1636953 - INFO -   compete_210483: PID=1642832, Queue 2, GPU 4
2025-11-30 22:08:03,334 - PID:1636953 - WARNING - ⚠️ Could not find task for uni_id compete_583946
2025-11-30 22:08:03,335 - PID:1636953 - WARNING - ⚠️ Could not find task for uni_id compete_889606
2025-11-30 22:08:03,335 - PID:1636953 - WARNING - ⚠️ Could not find task for uni_id compete_909033
2025-11-30 22:08:03,335 - PID:1636953 - WARNING - ⚠️ Could not find task for uni_id compete_626564
2025-11-30 22:08:03,335 - PID:1636953 - WARNING - ⚠️ Could not find task for uni_id compete_121758
2025-11-30 22:08:03,336 - PID:1636953 - WARNING - ⚠️ Could not find task for uni_id compete_998809
2025-11-30 22:08:03,336 - PID:1636953 - WARNING - ⚠️ Could not find task for uni_id compete_527985
2025-11-30 22:08:08,337 - PID:1636953 - WARNING - ⚠️ Could not find task for uni_id compete_583946
2025-11-30 22:08:08,338 - PID:1636953 - WARNING - ⚠️ Could not find task for uni_id compete_889606
2025-11-30 22:08:08,338 - PID:1636953 - WARNING - ⚠️ Could not find task for uni_id compete_909033
2025-11-30 22:08:08,338 - PID:1636953 - WARNING - ⚠️ Could not find task for uni_id compete_626564
2025-11-30 22:08:08,339 - PID:1636953 - WARNING - ⚠️ Could not find task for uni_id compete_121758
2025-11-30 22:08:08,339 - PID:1636953 - WARNING - ⚠️ Could not find task for uni_id compete_998809
2025-11-30 22:08:08,339 - PID:1636953 - WARNING - ⚠️ Could not find task for uni_id compete_527985
2025-11-30 22:08:08,340 - PID:1636953 - INFO - 🔄 Incremented retry count: compete_566536 -> 3
2025-11-30 22:08:08,340 - PID:1636953 - INFO - ⏰ Process compete_566536 entering backoff period (retry_count: 3)
2025-11-30 22:08:08,341 - PID:1636953 - INFO - 🔄 Incremented retry count: compete_142710 -> 3
2025-11-30 22:08:08,341 - PID:1636953 - INFO - ⏰ Process compete_142710 entering backoff period (retry_count: 3)
2025-11-30 22:08:08,342 - PID:1636953 - INFO - 🔄 Incremented retry count: compete_166041 -> 1
2025-11-30 22:08:08,342 - PID:1636953 - INFO - 📝 Updated process state: compete_166041 -> running
2025-11-30 22:08:08,342 - PID:1636953 - INFO - 🔄 Retrying task compete_166041 (attempt 2)
2025-11-30 22:08:08,500 - PID:1636953 - INFO - GPU 4: Available for task compete_166041. Memory: 24.37GB
2025-11-30 22:08:08,501 - PID:1636953 - INFO - 🚀 Starting queue 1 task compete_166041 on GPU 4
2025-11-30 22:08:08,501 - PID:1636953 - INFO - Starting task on GPU 4: rm -rf {work_dir}/experiments/car196/knowledge_base -> bash {work_dir}/scripts/set_hyperparameters.sh --experience_number 5 -> CUDA_VISIBLE_DEVICES={available_gpu} bash {work_dir}/scripts/run_pipeline.sh car --uni_id {uni_id}
2025-11-30 22:08:08,502 - PID:1636953 - INFO - Executing command 1/3 on GPU 4: rm -rf /home/hdl/project/fgvr_test_new/experiments/car196/knowledge_base
2025-11-30 22:08:08,506 - PID:1636953 - INFO - Command 1/3 completed successfully
2025-11-30 22:08:08,506 - PID:1636953 - INFO - Executing command 2/3 on GPU 4: bash /home/hdl/project/fgvr_test_new/scripts/set_hyperparameters.sh --experience_number 5
2025-11-30 22:08:08,514 - PID:1636953 - INFO - [compete_166041] === 超参数设置脚本 ===
2025-11-30 22:08:08,514 - PID:1636953 - INFO - [compete_166041] 项目根目录: /home/hdl/project/fgvr_test_new
2025-11-30 22:08:08,514 - PID:1636953 - INFO - [compete_166041] 超参数文件: /home/hdl/project/fgvr_test_new/configs/hyperparameters.yaml
2025-11-30 22:08:08,514 - PID:1636953 - INFO - [compete_166041] 
2025-11-30 22:08:08,514 - PID:1636953 - INFO - [compete_166041] 使用命令行指定的经验条数: 5
2025-11-30 22:08:08,514 - PID:1636953 - INFO - [compete_166041] 
2025-11-30 22:08:08,514 - PID:1636953 - INFO - [compete_166041] 正在更新超参数文件: /home/hdl/project/fgvr_test_new/configs/hyperparameters.yaml
2025-11-30 22:08:08,565 - PID:1636953 - INFO - [compete_166041] ✅ 超参数更新成功: experience_base_max_number = 5
2025-11-30 22:08:08,565 - PID:1636953 - INFO - [compete_166041] 
2025-11-30 22:08:08,565 - PID:1636953 - INFO - [compete_166041] === 超参数设置完成 ===
2025-11-30 22:08:08,566 - PID:1636953 - INFO - Command 2/3 completed successfully
2025-11-30 22:08:08,566 - PID:1636953 - INFO - Executing command 3/3 on GPU 4: CUDA_VISIBLE_DEVICES=4 bash /home/hdl/project/fgvr_test_new/scripts/run_pipeline.sh car --uni_id compete_166041
2025-11-30 22:08:08,567 - PID:1636953 - INFO - 🔄 Bash script with uni_id compete_166041 will handle its own PID registration
2025-11-30 22:08:08,609 - PID:1636953 - INFO - [compete_166041] [0;32m[SUCCESS][0m Pipeline 已启动 (完全后台), PID=1643375
2025-11-30 22:08:08,609 - PID:1636953 - INFO - [compete_166041] [0;34m[INFO][0m 日志文件: /home/hdl/project/fgvr_test_new/logs/pipeline/car196/pipeline_car(13).log
2025-11-30 22:08:08,609 - PID:1636953 - INFO - [compete_166041] 实时查看日志: tail -f '/home/hdl/project/fgvr_test_new/logs/pipeline/car196/pipeline_car(13).log'
2025-11-30 22:08:08,609 - PID:1636953 - INFO - Command 3/3 completed successfully
2025-11-30 22:08:08,609 - PID:1636953 - INFO - Task completed on GPU 4: rm -rf {work_dir}/experiments/car196/knowledge_base -> bash {work_dir}/scripts/set_hyperparameters.sh --experience_number 5 -> CUDA_VISIBLE_DEVICES={available_gpu} bash {work_dir}/scripts/run_pipeline.sh car --uni_id {uni_id}
2025-11-30 22:08:08,685 - PID:1636953 - INFO - GPU 6: Available for task compete_163996. Memory: 39.89GB
2025-11-30 22:08:08,686 - PID:1636953 - INFO - 🚀 Starting queue 5 task compete_163996 on GPU 6
2025-11-30 22:08:08,686 - PID:1636953 - INFO - Starting task on GPU 6: rm -rf {work_dir}/experiments/dog120/knowledge_base -> bash {work_dir}/scripts/set_hyperparameters.sh --experience_number 15 -> CUDA_VISIBLE_DEVICES={available_gpu} bash {work_dir}/scripts/run_pipeline.sh dog --uni_id {uni_id}
2025-11-30 22:08:08,686 - PID:1636953 - INFO - 📈 Started 2 tasks: ['Queue 1', 'Queue 5']
2025-11-30 22:08:08,686 - PID:1636953 - INFO - Executing command 1/3 on GPU 6: rm -rf /home/hdl/project/fgvr_test_new/experiments/dog120/knowledge_base
2025-11-30 22:08:08,688 - PID:1636953 - INFO - Command 1/3 completed successfully
2025-11-30 22:08:08,689 - PID:1636953 - INFO - Executing command 2/3 on GPU 6: bash /home/hdl/project/fgvr_test_new/scripts/set_hyperparameters.sh --experience_number 15
2025-11-30 22:08:08,697 - PID:1636953 - INFO - [compete_163996] === 超参数设置脚本 ===
2025-11-30 22:08:08,697 - PID:1636953 - INFO - [compete_163996] 项目根目录: /home/hdl/project/fgvr_test_new
2025-11-30 22:08:08,697 - PID:1636953 - INFO - [compete_163996] 超参数文件: /home/hdl/project/fgvr_test_new/configs/hyperparameters.yaml
2025-11-30 22:08:08,697 - PID:1636953 - INFO - [compete_163996] 
2025-11-30 22:08:08,697 - PID:1636953 - INFO - [compete_163996] 使用命令行指定的经验条数: 15
2025-11-30 22:08:08,697 - PID:1636953 - INFO - [compete_163996] 
2025-11-30 22:08:08,697 - PID:1636953 - INFO - [compete_163996] 正在更新超参数文件: /home/hdl/project/fgvr_test_new/configs/hyperparameters.yaml
2025-11-30 22:08:08,739 - PID:1636953 - INFO - [compete_163996] ✅ 超参数更新成功: experience_base_max_number = 15
2025-11-30 22:08:08,739 - PID:1636953 - INFO - [compete_163996] 
2025-11-30 22:08:08,739 - PID:1636953 - INFO - [compete_163996] === 超参数设置完成 ===
2025-11-30 22:08:08,740 - PID:1636953 - INFO - Command 2/3 completed successfully
2025-11-30 22:08:08,740 - PID:1636953 - INFO - Executing command 3/3 on GPU 6: CUDA_VISIBLE_DEVICES=6 bash /home/hdl/project/fgvr_test_new/scripts/run_pipeline.sh dog --uni_id compete_163996
2025-11-30 22:08:08,740 - PID:1636953 - INFO - 🔄 Bash script with uni_id compete_163996 will handle its own PID registration
2025-11-30 22:08:08,807 - PID:1636953 - INFO - [compete_163996] [0;32m[SUCCESS][0m Pipeline 已启动 (完全后台), PID=1643497
2025-11-30 22:08:08,807 - PID:1636953 - INFO - [compete_163996] [0;34m[INFO][0m 日志文件: /home/hdl/project/fgvr_test_new/logs/pipeline/dog120/pipeline_dog(15).log
2025-11-30 22:08:08,807 - PID:1636953 - INFO - [compete_163996] 实时查看日志: tail -f '/home/hdl/project/fgvr_test_new/logs/pipeline/dog120/pipeline_dog(15).log'
2025-11-30 22:08:08,807 - PID:1636953 - INFO - Command 3/3 completed successfully
2025-11-30 22:08:08,807 - PID:1636953 - INFO - Task completed on GPU 6: rm -rf {work_dir}/experiments/dog120/knowledge_base -> bash {work_dir}/scripts/set_hyperparameters.sh --experience_number 15 -> CUDA_VISIBLE_DEVICES={available_gpu} bash {work_dir}/scripts/run_pipeline.sh dog --uni_id {uni_id}
2025-11-30 22:08:11,505 - PID:1636953 - INFO - === Task Status ===
2025-11-30 22:08:11,505 - PID:1636953 - INFO - Total Tasks: 14, Pending=4, Running(memory)=0, Running(actual)=3, Completed=9, Failed=1
2025-11-30 22:08:11,505 - PID:1636953 - INFO - === Queue Status ===
2025-11-30 22:08:11,506 - PID:1636953 - INFO - Queue 1: 🔴 BUSY (process running), Pending=3, Running=0, Completed=2, Failed=0
2025-11-30 22:08:11,506 - PID:1636953 - INFO - Queue 2: 🔴 BUSY (process running), Pending=0, Running=0, Completed=2, Failed=0
2025-11-30 22:08:11,506 - PID:1636953 - INFO - Queue 3: 🟢 IDLE, Pending=0, Running=0, Completed=2, Failed=0
2025-11-30 22:08:11,506 - PID:1636953 - INFO - Queue 4: 🟢 IDLE, Pending=0, Running=0, Completed=1, Failed=0
2025-11-30 22:08:11,506 - PID:1636953 - INFO - Queue 5: 🔴 BUSY (process running), Pending=1, Running=0, Completed=2, Failed=0
2025-11-30 22:08:11,506 - PID:1636953 - INFO - Queue 6: 🟢 IDLE, Pending=0, Running=0, Completed=0, Failed=1
2025-11-30 22:08:11,506 - PID:1636953 - INFO - === GPU Status ===
2025-11-30 22:08:11,562 - PID:1636953 - INFO - GPU 0: ❌ Available=5.72GB, User Python Processes=0, Running Tasks=0
2025-11-30 22:08:11,624 - PID:1636953 - INFO - GPU 1: ❌ Available=4.67GB, User Python Processes=0, Running Tasks=0
2025-11-30 22:08:11,683 - PID:1636953 - INFO - GPU 2: ❌ Available=4.38GB, User Python Processes=0, Running Tasks=0
2025-11-30 22:08:11,687 - PID:1636953 - WARNING - ⚠️ Could not find task for uni_id compete_583946
2025-11-30 22:08:11,687 - PID:1636953 - WARNING - ⚠️ Could not find task for uni_id compete_889606
2025-11-30 22:08:11,688 - PID:1636953 - WARNING - ⚠️ Could not find task for uni_id compete_909033
2025-11-30 22:08:11,688 - PID:1636953 - WARNING - ⚠️ Could not find task for uni_id compete_626564
2025-11-30 22:08:11,688 - PID:1636953 - WARNING - ⚠️ Could not find task for uni_id compete_121758
2025-11-30 22:08:11,688 - PID:1636953 - WARNING - ⚠️ Could not find task for uni_id compete_998809
2025-11-30 22:08:11,688 - PID:1636953 - WARNING - ⚠️ Could not find task for uni_id compete_527985
2025-11-30 22:08:11,689 - PID:1636953 - INFO - ⏳ Process compete_566536 in backoff period (retry_count: 3)
2025-11-30 22:08:11,689 - PID:1636953 - INFO - ⏳ Process compete_142710 in backoff period (retry_count: 3)
2025-11-30 22:08:11,736 - PID:1636953 - INFO - GPU 3: ❌ Available=1.50GB, User Python Processes=1, Running Tasks=0
2025-11-30 22:08:11,737 - PID:1636953 - INFO -   User Python PIDs: [1427990]
2025-11-30 22:08:11,791 - PID:1636953 - INFO - GPU 4: ✅ Available=24.37GB, User Python Processes=0, Running Tasks=0
2025-11-30 22:08:11,853 - PID:1636953 - INFO - GPU 5: ❌ Available=4.16GB, User Python Processes=0, Running Tasks=0
2025-11-30 22:08:11,915 - PID:1636953 - INFO - GPU 6: ✅ Available=39.89GB, User Python Processes=0, Running Tasks=0
2025-11-30 22:08:11,977 - PID:1636953 - INFO - GPU 7: ✅ Available=40.04GB, User Python Processes=0, Running Tasks=0
2025-11-30 22:08:12,034 - PID:1636953 - INFO - GPU 8: ❌ Available=21.99GB, User Python Processes=1, Running Tasks=0
2025-11-30 22:08:12,034 - PID:1636953 - INFO -   User Python PIDs: [1642832]
2025-11-30 22:08:12,093 - PID:1636953 - INFO - GPU 9: ❌ Available=13.00GB, User Python Processes=0, Running Tasks=0
2025-11-30 22:08:12,093 - PID:1636953 - INFO - === Running Processes (from JSON) ===
2025-11-30 22:08:12,093 - PID:1636953 - INFO -   compete_558067: PID=1639780, Queue 2, GPU 4
2025-11-30 22:08:12,093 - PID:1636953 - INFO -   compete_867344: PID=1639864, Queue 3, GPU 6
2025-11-30 22:08:12,093 - PID:1636953 - INFO -   compete_144646: PID=1640543, Queue 1, GPU 4
2025-11-30 22:08:12,093 - PID:1636953 - INFO -   compete_166041: PID=1643530, Queue 1, GPU 4
2025-11-30 22:08:12,093 - PID:1636953 - INFO -   compete_210483: PID=1642832, Queue 2, GPU 4
2025-11-30 22:08:12,093 - PID:1636953 - INFO -   compete_163996: PID=1643543, Queue 5, GPU 6
2025-11-30 22:08:16,689 - PID:1636953 - WARNING - ⚠️ Could not find task for uni_id compete_583946
2025-11-30 22:08:16,690 - PID:1636953 - WARNING - ⚠️ Could not find task for uni_id compete_889606
2025-11-30 22:08:16,690 - PID:1636953 - WARNING - ⚠️ Could not find task for uni_id compete_909033
2025-11-30 22:08:16,690 - PID:1636953 - WARNING - ⚠️ Could not find task for uni_id compete_626564
2025-11-30 22:08:16,690 - PID:1636953 - WARNING - ⚠️ Could not find task for uni_id compete_121758
2025-11-30 22:08:16,690 - PID:1636953 - WARNING - ⚠️ Could not find task for uni_id compete_998809
2025-11-30 22:08:16,690 - PID:1636953 - WARNING - ⚠️ Could not find task for uni_id compete_527985
2025-11-30 22:08:16,690 - PID:1636953 - INFO - ⏳ Process compete_566536 in backoff period (retry_count: 3)
2025-11-30 22:08:16,690 - PID:1636953 - INFO - ⏳ Process compete_142710 in backoff period (retry_count: 3)
2025-11-30 22:08:21,691 - PID:1636953 - WARNING - ⚠️ Could not find task for uni_id compete_583946
2025-11-30 22:08:21,692 - PID:1636953 - WARNING - ⚠️ Could not find task for uni_id compete_889606
2025-11-30 22:08:21,692 - PID:1636953 - WARNING - ⚠️ Could not find task for uni_id compete_909033
2025-11-30 22:08:21,692 - PID:1636953 - WARNING - ⚠️ Could not find task for uni_id compete_626564
2025-11-30 22:08:21,693 - PID:1636953 - WARNING - ⚠️ Could not find task for uni_id compete_121758
2025-11-30 22:08:21,693 - PID:1636953 - WARNING - ⚠️ Could not find task for uni_id compete_998809
2025-11-30 22:08:21,693 - PID:1636953 - WARNING - ⚠️ Could not find task for uni_id compete_527985
2025-11-30 22:08:21,693 - PID:1636953 - INFO - ⏳ Process compete_566536 in backoff period (retry_count: 3)
2025-11-30 22:08:21,694 - PID:1636953 - INFO - ⏳ Process compete_142710 in backoff period (retry_count: 3)
2025-11-30 22:08:21,694 - PID:1636953 - INFO - 🔄 Incremented retry count: compete_166041 -> 2
2025-11-30 22:08:21,694 - PID:1636953 - INFO - 📝 Updated process state: compete_166041 -> running
2025-11-30 22:08:21,694 - PID:1636953 - INFO - 🔄 Retrying task compete_166041 (attempt 3)
2025-11-30 22:08:21,695 - PID:1636953 - INFO - 🔄 Incremented retry count: compete_210483 -> 1
2025-11-30 22:08:21,695 - PID:1636953 - INFO - 📝 Updated process state: compete_210483 -> running
2025-11-30 22:08:21,695 - PID:1636953 - INFO - 🔄 Retrying task compete_210483 (attempt 2)
2025-11-30 22:08:21,922 - PID:1636953 - INFO - GPU 4: Available for task compete_166041. Memory: 24.37GB
2025-11-30 22:08:21,922 - PID:1636953 - INFO - 🚀 Starting queue 1 task compete_166041 on GPU 4
2025-11-30 22:08:21,923 - PID:1636953 - INFO - Starting task on GPU 4: rm -rf {work_dir}/experiments/car196/knowledge_base -> bash {work_dir}/scripts/set_hyperparameters.sh --experience_number 5 -> CUDA_VISIBLE_DEVICES={available_gpu} bash {work_dir}/scripts/run_pipeline.sh car --uni_id {uni_id}
2025-11-30 22:08:21,923 - PID:1636953 - INFO - Executing command 1/3 on GPU 4: rm -rf /home/hdl/project/fgvr_test_new/experiments/car196/knowledge_base
2025-11-30 22:08:21,926 - PID:1636953 - INFO - Command 1/3 completed successfully
2025-11-30 22:08:21,927 - PID:1636953 - INFO - Executing command 2/3 on GPU 4: bash /home/hdl/project/fgvr_test_new/scripts/set_hyperparameters.sh --experience_number 5
2025-11-30 22:08:21,938 - PID:1636953 - INFO - [compete_166041] === 超参数设置脚本 ===
2025-11-30 22:08:21,938 - PID:1636953 - INFO - [compete_166041] 项目根目录: /home/hdl/project/fgvr_test_new
2025-11-30 22:08:21,938 - PID:1636953 - INFO - [compete_166041] 超参数文件: /home/hdl/project/fgvr_test_new/configs/hyperparameters.yaml
2025-11-30 22:08:21,938 - PID:1636953 - INFO - [compete_166041] 
2025-11-30 22:08:21,939 - PID:1636953 - INFO - [compete_166041] 使用命令行指定的经验条数: 5
2025-11-30 22:08:21,940 - PID:1636953 - INFO - [compete_166041] 
2025-11-30 22:08:21,940 - PID:1636953 - INFO - [compete_166041] 正在更新超参数文件: /home/hdl/project/fgvr_test_new/configs/hyperparameters.yaml
2025-11-30 22:08:21,997 - PID:1636953 - INFO - [compete_166041] ✅ 超参数更新成功: experience_base_max_number = 5
2025-11-30 22:08:21,997 - PID:1636953 - INFO - [compete_166041] 
2025-11-30 22:08:21,998 - PID:1636953 - INFO - [compete_166041] === 超参数设置完成 ===
2025-11-30 22:08:21,998 - PID:1636953 - INFO - Command 2/3 completed successfully
2025-11-30 22:08:21,999 - PID:1636953 - INFO - Executing command 3/3 on GPU 4: CUDA_VISIBLE_DEVICES=4 bash /home/hdl/project/fgvr_test_new/scripts/run_pipeline.sh car --uni_id compete_166041
2025-11-30 22:08:22,000 - PID:1636953 - INFO - 🔄 Bash script with uni_id compete_166041 will handle its own PID registration
2025-11-30 22:08:22,062 - PID:1636953 - INFO - [compete_166041] [0;32m[SUCCESS][0m Pipeline 已启动 (完全后台), PID=1644325
2025-11-30 22:08:22,062 - PID:1636953 - INFO - [compete_166041] [0;34m[INFO][0m 日志文件: /home/hdl/project/fgvr_test_new/logs/pipeline/car196/pipeline_car(14).log
2025-11-30 22:08:22,062 - PID:1636953 - INFO - [compete_166041] 实时查看日志: tail -f '/home/hdl/project/fgvr_test_new/logs/pipeline/car196/pipeline_car(14).log'
2025-11-30 22:08:22,062 - PID:1636953 - INFO - Command 3/3 completed successfully
2025-11-30 22:08:22,063 - PID:1636953 - INFO - Task completed on GPU 4: rm -rf {work_dir}/experiments/car196/knowledge_base -> bash {work_dir}/scripts/set_hyperparameters.sh --experience_number 5 -> CUDA_VISIBLE_DEVICES={available_gpu} bash {work_dir}/scripts/run_pipeline.sh car --uni_id {uni_id}
2025-11-30 22:08:22,094 - PID:1636953 - INFO - === Task Status ===
2025-11-30 22:08:22,094 - PID:1636953 - INFO - Total Tasks: 14, Pending=5, Running(memory)=0, Running(actual)=0, Completed=8, Failed=1
2025-11-30 22:08:22,094 - PID:1636953 - INFO - === Queue Status ===
2025-11-30 22:08:22,094 - PID:1636953 - INFO - Queue 1: 🟢 IDLE, Pending=3, Running=0, Completed=2, Failed=0
2025-11-30 22:08:22,095 - PID:1636953 - INFO - Queue 2: 🟢 IDLE, Pending=1, Running=0, Completed=1, Failed=0
2025-11-30 22:08:22,095 - PID:1636953 - INFO - Queue 3: 🟢 IDLE, Pending=0, Running=0, Completed=2, Failed=0
2025-11-30 22:08:22,095 - PID:1636953 - INFO - Queue 4: 🟢 IDLE, Pending=0, Running=0, Completed=1, Failed=0
2025-11-30 22:08:22,095 - PID:1636953 - INFO - Queue 5: 🟢 IDLE, Pending=1, Running=0, Completed=2, Failed=0
2025-11-30 22:08:22,095 - PID:1636953 - INFO - Queue 6: 🟢 IDLE, Pending=0, Running=0, Completed=0, Failed=1
2025-11-30 22:08:22,095 - PID:1636953 - INFO - === GPU Status ===
2025-11-30 22:08:22,100 - PID:1636953 - INFO - GPU 6: Available for task compete_210483. Memory: 39.89GB
2025-11-30 22:08:22,100 - PID:1636953 - INFO - 🚀 Starting queue 2 task compete_210483 on GPU 6
2025-11-30 22:08:22,100 - PID:1636953 - INFO - Starting task on GPU 6: rm -rf {work_dir}/experiments/flower102/knowledge_base -> bash {work_dir}/scripts/set_hyperparameters.sh --experience_number 5 -> CUDA_VISIBLE_DEVICES={available_gpu} bash {work_dir}/scripts/run_pipeline.sh flower --uni_id {uni_id}
2025-11-30 22:08:22,100 - PID:1636953 - INFO - 📈 Started 2 tasks: ['Queue 1', 'Queue 2']
2025-11-30 22:08:22,101 - PID:1636953 - INFO - Executing command 1/3 on GPU 6: rm -rf /home/hdl/project/fgvr_test_new/experiments/flower102/knowledge_base
2025-11-30 22:08:22,105 - PID:1636953 - INFO - Command 1/3 completed successfully
2025-11-30 22:08:22,105 - PID:1636953 - INFO - Executing command 2/3 on GPU 6: bash /home/hdl/project/fgvr_test_new/scripts/set_hyperparameters.sh --experience_number 5
2025-11-30 22:08:22,114 - PID:1636953 - INFO - [compete_210483] === 超参数设置脚本 ===
2025-11-30 22:08:22,114 - PID:1636953 - INFO - [compete_210483] 项目根目录: /home/hdl/project/fgvr_test_new
2025-11-30 22:08:22,114 - PID:1636953 - INFO - [compete_210483] 超参数文件: /home/hdl/project/fgvr_test_new/configs/hyperparameters.yaml
2025-11-30 22:08:22,114 - PID:1636953 - INFO - [compete_210483] 
2025-11-30 22:08:22,115 - PID:1636953 - INFO - [compete_210483] 使用命令行指定的经验条数: 5
2025-11-30 22:08:22,116 - PID:1636953 - INFO - [compete_210483] 
2025-11-30 22:08:22,116 - PID:1636953 - INFO - [compete_210483] 正在更新超参数文件: /home/hdl/project/fgvr_test_new/configs/hyperparameters.yaml
2025-11-30 22:08:22,147 - PID:1636953 - INFO - GPU 0: ❌ Available=5.72GB, User Python Processes=0, Running Tasks=0
2025-11-30 22:08:22,164 - PID:1636953 - INFO - [compete_210483] ✅ 超参数更新成功: experience_base_max_number = 5
2025-11-30 22:08:22,164 - PID:1636953 - INFO - [compete_210483] 
2025-11-30 22:08:22,164 - PID:1636953 - INFO - [compete_210483] === 超参数设置完成 ===
2025-11-30 22:08:22,165 - PID:1636953 - INFO - Command 2/3 completed successfully
2025-11-30 22:08:22,165 - PID:1636953 - INFO - Executing command 3/3 on GPU 6: CUDA_VISIBLE_DEVICES=6 bash /home/hdl/project/fgvr_test_new/scripts/run_pipeline.sh flower --uni_id compete_210483
2025-11-30 22:08:22,166 - PID:1636953 - INFO - 🔄 Bash script with uni_id compete_210483 will handle its own PID registration
2025-11-30 22:08:22,204 - PID:1636953 - INFO - GPU 1: ❌ Available=4.67GB, User Python Processes=0, Running Tasks=0
2025-11-30 22:08:22,233 - PID:1636953 - INFO - [compete_210483] [0;32m[SUCCESS][0m Pipeline 已启动 (完全后台), PID=1644454
2025-11-30 22:08:22,233 - PID:1636953 - INFO - [compete_210483] [0;34m[INFO][0m 日志文件: /home/hdl/project/fgvr_test_new/logs/pipeline/flower102/pipeline_flower(8).log
2025-11-30 22:08:22,233 - PID:1636953 - INFO - [compete_210483] 实时查看日志: tail -f '/home/hdl/project/fgvr_test_new/logs/pipeline/flower102/pipeline_flower(8).log'
2025-11-30 22:08:22,234 - PID:1636953 - INFO - Command 3/3 completed successfully
2025-11-30 22:08:22,234 - PID:1636953 - INFO - Task completed on GPU 6: rm -rf {work_dir}/experiments/flower102/knowledge_base -> bash {work_dir}/scripts/set_hyperparameters.sh --experience_number 5 -> CUDA_VISIBLE_DEVICES={available_gpu} bash {work_dir}/scripts/run_pipeline.sh flower --uni_id {uni_id}
2025-11-30 22:08:22,260 - PID:1636953 - INFO - GPU 2: ❌ Available=4.38GB, User Python Processes=0, Running Tasks=0
2025-11-30 22:08:22,318 - PID:1636953 - INFO - GPU 3: ❌ Available=18.30GB, User Python Processes=1, Running Tasks=0
2025-11-30 22:08:22,318 - PID:1636953 - INFO -   User Python PIDs: [1427990]
2025-11-30 22:08:22,368 - PID:1636953 - INFO - GPU 4: ✅ Available=24.37GB, User Python Processes=0, Running Tasks=0
2025-11-30 22:08:22,425 - PID:1636953 - INFO - GPU 5: ❌ Available=4.16GB, User Python Processes=0, Running Tasks=0
2025-11-30 22:08:22,476 - PID:1636953 - INFO - GPU 6: ✅ Available=39.89GB, User Python Processes=0, Running Tasks=0
2025-11-30 22:08:22,530 - PID:1636953 - INFO - GPU 7: ✅ Available=40.04GB, User Python Processes=0, Running Tasks=0
2025-11-30 22:08:22,598 - PID:1636953 - INFO - GPU 8: ✅ Available=34.86GB, User Python Processes=0, Running Tasks=0
2025-11-30 22:08:22,648 - PID:1636953 - INFO - GPU 9: ❌ Available=13.00GB, User Python Processes=0, Running Tasks=0
2025-11-30 22:08:22,648 - PID:1636953 - INFO - === Running Processes (from JSON) ===
2025-11-30 22:08:22,649 - PID:1636953 - INFO -   compete_558067: PID=1639780, Queue 2, GPU 4
2025-11-30 22:08:22,649 - PID:1636953 - INFO -   compete_867344: PID=1639864, Queue 3, GPU 6
2025-11-30 22:08:22,649 - PID:1636953 - INFO -   compete_144646: PID=1640543, Queue 1, GPU 4
2025-11-30 22:08:22,649 - PID:1636953 - INFO -   compete_166041: PID=1643530, Queue 1, GPU 4
2025-11-30 22:08:22,649 - PID:1636953 - INFO -   compete_210483: PID=1642832, Queue 2, GPU 6
2025-11-30 22:08:25,102 - PID:1636953 - WARNING - ⚠️ Could not find task for uni_id compete_583946
2025-11-30 22:08:25,102 - PID:1636953 - WARNING - ⚠️ Could not find task for uni_id compete_889606
2025-11-30 22:08:25,103 - PID:1636953 - WARNING - ⚠️ Could not find task for uni_id compete_909033
2025-11-30 22:08:25,103 - PID:1636953 - WARNING - ⚠️ Could not find task for uni_id compete_626564
2025-11-30 22:08:25,103 - PID:1636953 - WARNING - ⚠️ Could not find task for uni_id compete_121758
2025-11-30 22:08:25,103 - PID:1636953 - WARNING - ⚠️ Could not find task for uni_id compete_998809
2025-11-30 22:08:25,104 - PID:1636953 - WARNING - ⚠️ Could not find task for uni_id compete_527985
2025-11-30 22:08:25,104 - PID:1636953 - INFO - ⏳ Process compete_566536 in backoff period (retry_count: 3)
2025-11-30 22:08:25,104 - PID:1636953 - INFO - ⏳ Process compete_142710 in backoff period (retry_count: 3)
2025-11-30 22:08:25,105 - PID:1636953 - INFO - 🔄 Incremented retry count: compete_163996 -> 1
2025-11-30 22:08:25,105 - PID:1636953 - INFO - 📝 Updated process state: compete_163996 -> running
2025-11-30 22:08:25,105 - PID:1636953 - INFO - 🔄 Retrying task compete_163996 (attempt 2)
2025-11-30 22:08:25,264 - PID:1636953 - INFO - GPU 4: Available for task compete_424924. Memory: 24.37GB
2025-11-30 22:08:25,264 - PID:1636953 - INFO - 🚀 Starting queue 1 task compete_424924 on GPU 4
2025-11-30 22:08:25,265 - PID:1636953 - INFO - Starting task on GPU 4: rm -rf {work_dir}/experiments/car196/knowledge_base -> bash {work_dir}/scripts/set_hyperparameters.sh --experience_number 3 -> CUDA_VISIBLE_DEVICES={available_gpu} bash {work_dir}/scripts/run_pipeline.sh car --uni_id {uni_id}
2025-11-30 22:08:25,265 - PID:1636953 - INFO - Executing command 1/3 on GPU 4: rm -rf /home/hdl/project/fgvr_test_new/experiments/car196/knowledge_base
2025-11-30 22:08:25,269 - PID:1636953 - INFO - Command 1/3 completed successfully
2025-11-30 22:08:25,269 - PID:1636953 - INFO - Executing command 2/3 on GPU 4: bash /home/hdl/project/fgvr_test_new/scripts/set_hyperparameters.sh --experience_number 3
2025-11-30 22:08:25,281 - PID:1636953 - INFO - [compete_424924] === 超参数设置脚本 ===
2025-11-30 22:08:25,281 - PID:1636953 - INFO - [compete_424924] 项目根目录: /home/hdl/project/fgvr_test_new
2025-11-30 22:08:25,281 - PID:1636953 - INFO - [compete_424924] 超参数文件: /home/hdl/project/fgvr_test_new/configs/hyperparameters.yaml
2025-11-30 22:08:25,281 - PID:1636953 - INFO - [compete_424924] 
2025-11-30 22:08:25,282 - PID:1636953 - INFO - [compete_424924] 使用命令行指定的经验条数: 3
2025-11-30 22:08:25,283 - PID:1636953 - INFO - [compete_424924] 
2025-11-30 22:08:25,283 - PID:1636953 - INFO - [compete_424924] 正在更新超参数文件: /home/hdl/project/fgvr_test_new/configs/hyperparameters.yaml
2025-11-30 22:08:25,340 - PID:1636953 - INFO - [compete_424924] ✅ 超参数更新成功: experience_base_max_number = 3
2025-11-30 22:08:25,340 - PID:1636953 - INFO - [compete_424924] 
2025-11-30 22:08:25,340 - PID:1636953 - INFO - [compete_424924] === 超参数设置完成 ===
2025-11-30 22:08:25,341 - PID:1636953 - INFO - Command 2/3 completed successfully
2025-11-30 22:08:25,341 - PID:1636953 - INFO - Executing command 3/3 on GPU 4: CUDA_VISIBLE_DEVICES=4 bash /home/hdl/project/fgvr_test_new/scripts/run_pipeline.sh car --uni_id compete_424924
2025-11-30 22:08:25,342 - PID:1636953 - INFO - 🔄 Bash script with uni_id compete_424924 will handle its own PID registration
2025-11-30 22:08:25,382 - PID:1636953 - INFO - [compete_424924] [0;32m[SUCCESS][0m Pipeline 已启动 (完全后台), PID=1644799
2025-11-30 22:08:25,383 - PID:1636953 - INFO - [compete_424924] [0;34m[INFO][0m 日志文件: /home/hdl/project/fgvr_test_new/logs/pipeline/car196/pipeline_car(15).log
2025-11-30 22:08:25,383 - PID:1636953 - INFO - [compete_424924] 实时查看日志: tail -f '/home/hdl/project/fgvr_test_new/logs/pipeline/car196/pipeline_car(15).log'
2025-11-30 22:08:25,383 - PID:1636953 - INFO - Command 3/3 completed successfully
2025-11-30 22:08:25,383 - PID:1636953 - INFO - Task completed on GPU 4: rm -rf {work_dir}/experiments/car196/knowledge_base -> bash {work_dir}/scripts/set_hyperparameters.sh --experience_number 3 -> CUDA_VISIBLE_DEVICES={available_gpu} bash {work_dir}/scripts/run_pipeline.sh car --uni_id {uni_id}
2025-11-30 22:08:25,433 - PID:1636953 - INFO - GPU 6: Available for task compete_163996. Memory: 39.89GB
2025-11-30 22:08:25,433 - PID:1636953 - INFO - 🚀 Starting queue 5 task compete_163996 on GPU 6
2025-11-30 22:08:25,433 - PID:1636953 - INFO - Starting task on GPU 6: rm -rf {work_dir}/experiments/dog120/knowledge_base -> bash {work_dir}/scripts/set_hyperparameters.sh --experience_number 15 -> CUDA_VISIBLE_DEVICES={available_gpu} bash {work_dir}/scripts/run_pipeline.sh dog --uni_id {uni_id}
2025-11-30 22:08:25,433 - PID:1636953 - INFO - 📈 Started 2 tasks: ['Queue 1', 'Queue 5']
2025-11-30 22:08:25,433 - PID:1636953 - INFO - Executing command 1/3 on GPU 6: rm -rf /home/hdl/project/fgvr_test_new/experiments/dog120/knowledge_base
2025-11-30 22:08:25,435 - PID:1636953 - INFO - Command 1/3 completed successfully
2025-11-30 22:08:25,435 - PID:1636953 - INFO - Executing command 2/3 on GPU 6: bash /home/hdl/project/fgvr_test_new/scripts/set_hyperparameters.sh --experience_number 15
2025-11-30 22:08:25,440 - PID:1636953 - INFO - [compete_163996] === 超参数设置脚本 ===
2025-11-30 22:08:25,440 - PID:1636953 - INFO - [compete_163996] 项目根目录: /home/hdl/project/fgvr_test_new
2025-11-30 22:08:25,440 - PID:1636953 - INFO - [compete_163996] 超参数文件: /home/hdl/project/fgvr_test_new/configs/hyperparameters.yaml
2025-11-30 22:08:25,440 - PID:1636953 - INFO - [compete_163996] 
2025-11-30 22:08:25,440 - PID:1636953 - INFO - [compete_163996] 使用命令行指定的经验条数: 15
2025-11-30 22:08:25,440 - PID:1636953 - INFO - [compete_163996] 
2025-11-30 22:08:25,441 - PID:1636953 - INFO - [compete_163996] 正在更新超参数文件: /home/hdl/project/fgvr_test_new/configs/hyperparameters.yaml
2025-11-30 22:08:25,488 - PID:1636953 - INFO - [compete_163996] ✅ 超参数更新成功: experience_base_max_number = 15
2025-11-30 22:08:25,488 - PID:1636953 - INFO - [compete_163996] 
2025-11-30 22:08:25,488 - PID:1636953 - INFO - [compete_163996] === 超参数设置完成 ===
2025-11-30 22:08:25,489 - PID:1636953 - INFO - Command 2/3 completed successfully
2025-11-30 22:08:25,489 - PID:1636953 - INFO - Executing command 3/3 on GPU 6: CUDA_VISIBLE_DEVICES=6 bash /home/hdl/project/fgvr_test_new/scripts/run_pipeline.sh dog --uni_id compete_163996
2025-11-30 22:08:25,489 - PID:1636953 - INFO - 🔄 Bash script with uni_id compete_163996 will handle its own PID registration
2025-11-30 22:08:25,549 - PID:1636953 - INFO - [compete_163996] [0;32m[SUCCESS][0m Pipeline 已启动 (完全后台), PID=1644919
2025-11-30 22:08:25,549 - PID:1636953 - INFO - [compete_163996] [0;34m[INFO][0m 日志文件: /home/hdl/project/fgvr_test_new/logs/pipeline/dog120/pipeline_dog(16).log
2025-11-30 22:08:25,549 - PID:1636953 - INFO - [compete_163996] 实时查看日志: tail -f '/home/hdl/project/fgvr_test_new/logs/pipeline/dog120/pipeline_dog(16).log'
2025-11-30 22:08:25,549 - PID:1636953 - INFO - Command 3/3 completed successfully
2025-11-30 22:08:25,550 - PID:1636953 - INFO - Task completed on GPU 6: rm -rf {work_dir}/experiments/dog120/knowledge_base -> bash {work_dir}/scripts/set_hyperparameters.sh --experience_number 15 -> CUDA_VISIBLE_DEVICES={available_gpu} bash {work_dir}/scripts/run_pipeline.sh dog --uni_id {uni_id}
2025-11-30 22:08:28,434 - PID:1636953 - WARNING - ⚠️ Could not find task for uni_id compete_583946
2025-11-30 22:08:28,434 - PID:1636953 - WARNING - ⚠️ Could not find task for uni_id compete_889606
2025-11-30 22:08:28,435 - PID:1636953 - WARNING - ⚠️ Could not find task for uni_id compete_909033
2025-11-30 22:08:28,435 - PID:1636953 - WARNING - ⚠️ Could not find task for uni_id compete_626564
2025-11-30 22:08:28,435 - PID:1636953 - WARNING - ⚠️ Could not find task for uni_id compete_121758
2025-11-30 22:08:28,435 - PID:1636953 - WARNING - ⚠️ Could not find task for uni_id compete_998809
2025-11-30 22:08:28,435 - PID:1636953 - WARNING - ⚠️ Could not find task for uni_id compete_527985
2025-11-30 22:08:28,435 - PID:1636953 - INFO - ⏳ Process compete_566536 in backoff period (retry_count: 3)
2025-11-30 22:08:28,436 - PID:1636953 - INFO - ⏳ Process compete_142710 in backoff period (retry_count: 3)
2025-11-30 22:08:32,649 - PID:1636953 - INFO - === Task Status ===
2025-11-30 22:08:32,650 - PID:1636953 - INFO - Total Tasks: 14, Pending=3, Running(memory)=0, Running(actual)=3, Completed=10, Failed=1
2025-11-30 22:08:32,650 - PID:1636953 - INFO - === Queue Status ===
2025-11-30 22:08:32,650 - PID:1636953 - INFO - Queue 1: 🔴 BUSY (process running), Pending=2, Running=0, Completed=3, Failed=0
2025-11-30 22:08:32,650 - PID:1636953 - INFO - Queue 2: 🔴 BUSY (process running), Pending=0, Running=0, Completed=2, Failed=0
2025-11-30 22:08:32,650 - PID:1636953 - INFO - Queue 3: 🟢 IDLE, Pending=0, Running=0, Completed=2, Failed=0
2025-11-30 22:08:32,650 - PID:1636953 - INFO - Queue 4: 🟢 IDLE, Pending=0, Running=0, Completed=1, Failed=0
2025-11-30 22:08:32,650 - PID:1636953 - INFO - Queue 5: 🔴 BUSY (process running), Pending=1, Running=0, Completed=2, Failed=0
2025-11-30 22:08:32,650 - PID:1636953 - INFO - Queue 6: 🟢 IDLE, Pending=0, Running=0, Completed=0, Failed=1
2025-11-30 22:08:32,650 - PID:1636953 - INFO - === GPU Status ===
2025-11-30 22:08:32,716 - PID:1636953 - INFO - GPU 0: ❌ Available=5.72GB, User Python Processes=0, Running Tasks=0
2025-11-30 22:08:32,809 - PID:1636953 - INFO - GPU 1: ❌ Available=4.67GB, User Python Processes=0, Running Tasks=0
2025-11-30 22:08:32,871 - PID:1636953 - INFO - GPU 2: ❌ Available=4.38GB, User Python Processes=0, Running Tasks=0
2025-11-30 22:08:32,949 - PID:1636953 - INFO - GPU 3: ❌ Available=18.30GB, User Python Processes=1, Running Tasks=0
2025-11-30 22:08:32,950 - PID:1636953 - INFO -   User Python PIDs: [1427990]
2025-11-30 22:08:33,009 - PID:1636953 - INFO - GPU 4: ✅ Available=24.37GB, User Python Processes=0, Running Tasks=0
2025-11-30 22:08:33,083 - PID:1636953 - INFO - GPU 5: ❌ Available=4.16GB, User Python Processes=0, Running Tasks=0
2025-11-30 22:08:33,156 - PID:1636953 - INFO - GPU 6: ✅ Available=39.89GB, User Python Processes=0, Running Tasks=0
2025-11-30 22:08:33,231 - PID:1636953 - INFO - GPU 7: ✅ Available=40.04GB, User Python Processes=0, Running Tasks=0
2025-11-30 22:08:33,305 - PID:1636953 - INFO - GPU 8: ❌ Available=13.45GB, User Python Processes=3, Running Tasks=0
2025-11-30 22:08:33,306 - PID:1636953 - INFO -   User Python PIDs: [1644511, 1644947, 1644957]
2025-11-30 22:08:33,360 - PID:1636953 - INFO - GPU 9: ❌ Available=13.00GB, User Python Processes=0, Running Tasks=0
2025-11-30 22:08:33,360 - PID:1636953 - INFO - === Running Processes (from JSON) ===
2025-11-30 22:08:33,360 - PID:1636953 - INFO -   compete_558067: PID=1639780, Queue 2, GPU 4
2025-11-30 22:08:33,360 - PID:1636953 - INFO -   compete_867344: PID=1639864, Queue 3, GPU 6
2025-11-30 22:08:33,360 - PID:1636953 - INFO -   compete_144646: PID=1640543, Queue 1, GPU 4
2025-11-30 22:08:33,360 - PID:1636953 - INFO -   compete_166041: PID=1643530, Queue 1, GPU 4
2025-11-30 22:08:33,361 - PID:1636953 - INFO -   compete_210483: PID=1644511, Queue 2, GPU 6
2025-11-30 22:08:33,361 - PID:1636953 - INFO -   compete_163996: PID=1644957, Queue 5, GPU 6
2025-11-30 22:08:33,361 - PID:1636953 - INFO -   compete_424924: PID=1644947, Queue 1, GPU 4
2025-11-30 22:08:33,436 - PID:1636953 - WARNING - ⚠️ Could not find task for uni_id compete_583946
2025-11-30 22:08:33,436 - PID:1636953 - WARNING - ⚠️ Could not find task for uni_id compete_889606
2025-11-30 22:08:33,437 - PID:1636953 - WARNING - ⚠️ Could not find task for uni_id compete_909033
2025-11-30 22:08:33,437 - PID:1636953 - WARNING - ⚠️ Could not find task for uni_id compete_626564
2025-11-30 22:08:33,437 - PID:1636953 - WARNING - ⚠️ Could not find task for uni_id compete_121758
2025-11-30 22:08:33,437 - PID:1636953 - WARNING - ⚠️ Could not find task for uni_id compete_998809
2025-11-30 22:08:33,437 - PID:1636953 - WARNING - ⚠️ Could not find task for uni_id compete_527985
2025-11-30 22:08:33,437 - PID:1636953 - INFO - ⏳ Process compete_566536 in backoff period (retry_count: 3)
2025-11-30 22:08:33,437 - PID:1636953 - INFO - ⏳ Process compete_142710 in backoff period (retry_count: 3)
2025-11-30 22:08:38,438 - PID:1636953 - WARNING - ⚠️ Could not find task for uni_id compete_583946
2025-11-30 22:08:38,439 - PID:1636953 - WARNING - ⚠️ Could not find task for uni_id compete_889606
2025-11-30 22:08:38,439 - PID:1636953 - WARNING - ⚠️ Could not find task for uni_id compete_909033
2025-11-30 22:08:38,439 - PID:1636953 - WARNING - ⚠️ Could not find task for uni_id compete_626564
2025-11-30 22:08:38,440 - PID:1636953 - WARNING - ⚠️ Could not find task for uni_id compete_121758
2025-11-30 22:08:38,440 - PID:1636953 - WARNING - ⚠️ Could not find task for uni_id compete_998809
2025-11-30 22:08:38,440 - PID:1636953 - WARNING - ⚠️ Could not find task for uni_id compete_527985
2025-11-30 22:08:38,440 - PID:1636953 - INFO - ⏳ Process compete_566536 in backoff period (retry_count: 3)
2025-11-30 22:08:38,440 - PID:1636953 - INFO - ⏳ Process compete_142710 in backoff period (retry_count: 3)
2025-11-30 22:08:38,441 - PID:1636953 - INFO - 🔄 Incremented retry count: compete_210483 -> 2
2025-11-30 22:08:38,442 - PID:1636953 - INFO - 📝 Updated process state: compete_210483 -> running
2025-11-30 22:08:38,442 - PID:1636953 - INFO - 🔄 Retrying task compete_210483 (attempt 3)
2025-11-30 22:08:38,608 - PID:1636953 - INFO - GPU 4: Available for task compete_210483. Memory: 24.37GB
2025-11-30 22:08:38,609 - PID:1636953 - INFO - 🚀 Starting queue 2 task compete_210483 on GPU 4
2025-11-30 22:08:38,609 - PID:1636953 - INFO - Starting task on GPU 4: rm -rf {work_dir}/experiments/flower102/knowledge_base -> bash {work_dir}/scripts/set_hyperparameters.sh --experience_number 5 -> CUDA_VISIBLE_DEVICES={available_gpu} bash {work_dir}/scripts/run_pipeline.sh flower --uni_id {uni_id}
2025-11-30 22:08:38,609 - PID:1636953 - INFO - 📈 Started 1 tasks: ['Queue 2']
2025-11-30 22:08:38,610 - PID:1636953 - INFO - Executing command 1/3 on GPU 4: rm -rf /home/hdl/project/fgvr_test_new/experiments/flower102/knowledge_base
2025-11-30 22:08:38,614 - PID:1636953 - INFO - Command 1/3 completed successfully
2025-11-30 22:08:38,614 - PID:1636953 - INFO - Executing command 2/3 on GPU 4: bash /home/hdl/project/fgvr_test_new/scripts/set_hyperparameters.sh --experience_number 5
2025-11-30 22:08:38,622 - PID:1636953 - INFO - [compete_210483] === 超参数设置脚本 ===
2025-11-30 22:08:38,622 - PID:1636953 - INFO - [compete_210483] 项目根目录: /home/hdl/project/fgvr_test_new
2025-11-30 22:08:38,622 - PID:1636953 - INFO - [compete_210483] 超参数文件: /home/hdl/project/fgvr_test_new/configs/hyperparameters.yaml
2025-11-30 22:08:38,622 - PID:1636953 - INFO - [compete_210483] 
2025-11-30 22:08:38,622 - PID:1636953 - INFO - [compete_210483] 使用命令行指定的经验条数: 5
2025-11-30 22:08:38,622 - PID:1636953 - INFO - [compete_210483] 
2025-11-30 22:08:38,622 - PID:1636953 - INFO - [compete_210483] 正在更新超参数文件: /home/hdl/project/fgvr_test_new/configs/hyperparameters.yaml
2025-11-30 22:08:38,671 - PID:1636953 - INFO - [compete_210483] ✅ 超参数更新成功: experience_base_max_number = 5
2025-11-30 22:08:38,671 - PID:1636953 - INFO - [compete_210483] 
2025-11-30 22:08:38,671 - PID:1636953 - INFO - [compete_210483] === 超参数设置完成 ===
2025-11-30 22:08:38,672 - PID:1636953 - INFO - Command 2/3 completed successfully
2025-11-30 22:08:38,672 - PID:1636953 - INFO - Executing command 3/3 on GPU 4: CUDA_VISIBLE_DEVICES=4 bash /home/hdl/project/fgvr_test_new/scripts/run_pipeline.sh flower --uni_id compete_210483
2025-11-30 22:08:38,673 - PID:1636953 - INFO - 🔄 Bash script with uni_id compete_210483 will handle its own PID registration
2025-11-30 22:08:38,731 - PID:1636953 - INFO - [compete_210483] [0;32m[SUCCESS][0m Pipeline 已启动 (完全后台), PID=1645934
2025-11-30 22:08:38,732 - PID:1636953 - INFO - [compete_210483] [0;34m[INFO][0m 日志文件: /home/hdl/project/fgvr_test_new/logs/pipeline/flower102/pipeline_flower(9).log
2025-11-30 22:08:38,732 - PID:1636953 - INFO - [compete_210483] 实时查看日志: tail -f '/home/hdl/project/fgvr_test_new/logs/pipeline/flower102/pipeline_flower(9).log'
2025-11-30 22:08:38,732 - PID:1636953 - INFO - Command 3/3 completed successfully
2025-11-30 22:08:38,732 - PID:1636953 - INFO - Task completed on GPU 4: rm -rf {work_dir}/experiments/flower102/knowledge_base -> bash {work_dir}/scripts/set_hyperparameters.sh --experience_number 5 -> CUDA_VISIBLE_DEVICES={available_gpu} bash {work_dir}/scripts/run_pipeline.sh flower --uni_id {uni_id}
